/*
Navicat MySQL Data Transfer

Source Server         : localhost
Source Server Version : 50617
Source Host           : localhost:3306
Source Database       : l4cms

Target Server Type    : MYSQL
Target Server Version : 50617
File Encoding         : 65001

Date: 2014-11-25 17:40:14
*/

SET FOREIGN_KEY_CHECKS=0;

-- ----------------------------
-- Table structure for categories
-- ----------------------------
DROP TABLE IF EXISTS `categories`;
CREATE TABLE `categories` (
  `id` int(10) unsigned NOT NULL AUTO_INCREMENT,
  `parent_id` int(11) NOT NULL,
  `name` varchar(255) COLLATE utf8_unicode_ci NOT NULL,
  `slug` varchar(255) COLLATE utf8_unicode_ci NOT NULL,
  `showon_menu` tinyint(3) NOT NULL,
  `showon_homepage` int(11) NOT NULL,
  `list_layout` varchar(255) COLLATE utf8_unicode_ci DEFAULT NULL,
  `item_layout` varchar(255) COLLATE utf8_unicode_ci DEFAULT NULL,
  `post_count` int(11) NOT NULL,
  `status` varchar(20) COLLATE utf8_unicode_ci NOT NULL DEFAULT 'on',
  `user_id` int(11) NOT NULL,
  `created_at` timestamp NOT NULL DEFAULT '0000-00-00 00:00:00',
  `updated_at` timestamp NOT NULL DEFAULT '0000-00-00 00:00:00',
  `deleted_at` timestamp NULL DEFAULT NULL,
  PRIMARY KEY (`id`)
) ENGINE=MyISAM AUTO_INCREMENT=38 DEFAULT CHARSET=utf8 COLLATE=utf8_unicode_ci;

-- ----------------------------
-- Records of categories
-- ----------------------------
INSERT INTO `categories` VALUES ('25', '0', 'Giới thiệu', 'gioi-thieu', '1', '1', null, null, '0', 'on', '1', '2014-09-11 09:25:05', '2014-11-22 04:13:30', null);
INSERT INTO `categories` VALUES ('26', '0', 'Dịch vụ pháp lý', 'dich-vu-phap-ly', '1', '1', null, null, '0', 'on', '1', '2014-11-22 04:15:08', '2014-11-22 04:15:08', null);
INSERT INTO `categories` VALUES ('27', '0', 'Tư vấn', 'tu-van', '1', '2', null, null, '0', 'on', '1', '2014-11-22 04:15:40', '2014-11-22 04:15:40', null);
INSERT INTO `categories` VALUES ('28', '0', 'Văn bản pháp luật', 'van-ban-phap-luat', '1', '1', null, null, '0', 'on', '1', '2014-11-22 04:16:01', '2014-11-22 04:16:01', null);
INSERT INTO `categories` VALUES ('29', '0', 'Tin tức - Sự kiện', 'tin-tuc-su-kien', '1', '1', null, null, '0', 'on', '1', '2014-11-22 04:16:15', '2014-11-22 04:16:15', null);
INSERT INTO `categories` VALUES ('30', '0', 'Tuyển dụng', 'tuyen-dung', '1', '1', null, null, '0', 'on', '1', '2014-11-22 04:21:31', '2014-11-22 04:21:31', null);
INSERT INTO `categories` VALUES ('31', '26', 'Lập vi bằng', 'lap-vi-bang', '1', '1', null, null, '0', 'on', '1', '2014-11-24 02:32:32', '2014-11-24 02:32:32', null);
INSERT INTO `categories` VALUES ('32', '26', 'Thi hành án', 'thi-hanh-an', '1', '1', null, null, '0', 'on', '1', '2014-11-24 02:32:48', '2014-11-24 02:32:48', null);
INSERT INTO `categories` VALUES ('33', '26', 'Xác minh điều kiện', 'xac-minh-dieu-kien', '1', '1', null, null, '0', 'on', '1', '2014-11-24 02:33:18', '2014-11-24 09:42:03', null);
INSERT INTO `categories` VALUES ('34', '26', 'Tống đạt văn bản', 'tong-dat-van-ban', '1', '1', null, null, '0', 'on', '1', '2014-11-24 02:33:34', '2014-11-24 02:33:34', null);
INSERT INTO `categories` VALUES ('35', '28', 'Văn bản pháp luật', 'van-ban-phap-luat', '1', '1', null, null, '0', 'on', '1', '2014-11-24 02:38:29', '2014-11-24 02:38:29', null);
INSERT INTO `categories` VALUES ('36', '28', 'Mẫu vi bằng', 'mau-vi-bang', '1', '1', null, null, '0', 'on', '1', '2014-11-24 02:38:44', '2014-11-24 02:38:44', null);
INSERT INTO `categories` VALUES ('37', '28', 'Mẫu thi hành án', 'mau-thi-hanh-an', '1', '1', null, null, '0', 'on', '1', '2014-11-24 02:38:58', '2014-11-24 02:38:58', null);

-- ----------------------------
-- Table structure for category_post
-- ----------------------------
DROP TABLE IF EXISTS `category_post`;
CREATE TABLE `category_post` (
  `id` int(10) unsigned NOT NULL AUTO_INCREMENT,
  `category_id` int(10) unsigned NOT NULL,
  `post_id` int(10) unsigned NOT NULL,
  `created_at` timestamp NOT NULL DEFAULT '0000-00-00 00:00:00',
  `updated_at` timestamp NOT NULL DEFAULT CURRENT_TIMESTAMP ON UPDATE CURRENT_TIMESTAMP,
  PRIMARY KEY (`id`),
  UNIQUE KEY `cat_con_unique` (`category_id`,`post_id`),
  KEY `category_content_content_id_foreign` (`post_id`)
) ENGINE=MyISAM AUTO_INCREMENT=548 DEFAULT CHARSET=utf8 COLLATE=utf8_unicode_ci;

-- ----------------------------
-- Records of category_post
-- ----------------------------
INSERT INTO `category_post` VALUES ('534', '25', '3', '2014-11-24 07:38:48', '2014-11-24 07:38:48');
INSERT INTO `category_post` VALUES ('532', '25', '2', '2014-11-24 06:32:53', '2014-11-24 06:32:53');
INSERT INTO `category_post` VALUES ('536', '29', '4', '2014-11-25 08:50:34', '2014-11-25 08:50:34');
INSERT INTO `category_post` VALUES ('537', '29', '5', '2014-11-25 09:43:11', '2014-11-25 09:43:11');
INSERT INTO `category_post` VALUES ('538', '29', '6', '2014-11-25 09:49:57', '2014-11-25 09:49:57');
INSERT INTO `category_post` VALUES ('539', '29', '7', '2014-11-25 09:55:49', '2014-11-25 09:55:49');
INSERT INTO `category_post` VALUES ('540', '29', '8', '2014-11-25 10:24:20', '2014-11-25 10:24:20');
INSERT INTO `category_post` VALUES ('541', '29', '9', '2014-11-25 10:29:59', '2014-11-25 10:29:59');
INSERT INTO `category_post` VALUES ('542', '29', '10', '2014-11-25 10:36:15', '2014-11-25 10:36:15');
INSERT INTO `category_post` VALUES ('543', '29', '11', '2014-11-25 10:38:54', '2014-11-25 10:38:54');
INSERT INTO `category_post` VALUES ('545', '29', '12', '2014-11-25 11:09:21', '2014-11-25 11:09:21');
INSERT INTO `category_post` VALUES ('546', '26', '13', '2014-11-25 16:48:33', '2014-11-25 16:48:33');
INSERT INTO `category_post` VALUES ('547', '31', '13', '2014-11-25 16:48:33', '2014-11-25 16:48:33');

-- ----------------------------
-- Table structure for comments
-- ----------------------------
DROP TABLE IF EXISTS `comments`;
CREATE TABLE `comments` (
  `id` int(10) unsigned NOT NULL AUTO_INCREMENT,
  `parent_id` int(10) unsigned DEFAULT NULL,
  `post_id` int(10) unsigned NOT NULL,
  `user_id` int(10) unsigned NOT NULL,
  `content` text COLLATE utf8_unicode_ci NOT NULL,
  `created_at` timestamp NOT NULL DEFAULT '0000-00-00 00:00:00',
  `updated_at` timestamp NOT NULL DEFAULT '0000-00-00 00:00:00',
  PRIMARY KEY (`id`)
) ENGINE=InnoDB AUTO_INCREMENT=7 DEFAULT CHARSET=utf8 COLLATE=utf8_unicode_ci;

-- ----------------------------
-- Records of comments
-- ----------------------------
INSERT INTO `comments` VALUES ('4', null, '2', '1', 'Lorem ipsum dolor sit amet, mutat utinam nonumy ea mel.', '2014-09-03 05:22:33', '2014-09-03 05:22:33');
INSERT INTO `comments` VALUES ('5', null, '2', '2', 'Lorem ipsum dolor sit amet, sale ceteros liberavisse duo ex, nam mazim maiestatis dissentiunt no. Iusto nominavi cu sed, has.', '2014-09-05 07:22:33', '2014-09-05 07:22:33');
INSERT INTO `comments` VALUES ('6', null, '3', '1', 'Lorem ipsum dolor sit amet, mutat utinam nonumy ea mel.', '2014-09-05 05:22:33', '2014-09-05 05:22:33');

-- ----------------------------
-- Table structure for groups
-- ----------------------------
DROP TABLE IF EXISTS `groups`;
CREATE TABLE `groups` (
  `id` int(10) unsigned NOT NULL AUTO_INCREMENT,
  `name` varchar(255) COLLATE utf8_unicode_ci NOT NULL,
  `permissions` text COLLATE utf8_unicode_ci,
  `created_at` timestamp NOT NULL DEFAULT '0000-00-00 00:00:00',
  `updated_at` timestamp NOT NULL DEFAULT '0000-00-00 00:00:00',
  PRIMARY KEY (`id`),
  UNIQUE KEY `groups_name_unique` (`name`)
) ENGINE=InnoDB AUTO_INCREMENT=2 DEFAULT CHARSET=utf8 COLLATE=utf8_unicode_ci;

-- ----------------------------
-- Records of groups
-- ----------------------------
INSERT INTO `groups` VALUES ('1', 'Admin', '{\"admin\":1,\"users\":1}', '2014-09-07 03:22:32', '2014-09-07 03:22:32');

-- ----------------------------
-- Table structure for medias
-- ----------------------------
DROP TABLE IF EXISTS `medias`;
CREATE TABLE `medias` (
  `id` int(11) NOT NULL AUTO_INCREMENT,
  `title` varchar(255) NOT NULL,
  `mpath` varchar(255) NOT NULL,
  `mname` varchar(255) NOT NULL,
  `user_id` int(11) NOT NULL,
  `type` varchar(255) NOT NULL,
  `created_at` timestamp NOT NULL DEFAULT CURRENT_TIMESTAMP ON UPDATE CURRENT_TIMESTAMP,
  `updated_at` timestamp NOT NULL DEFAULT '0000-00-00 00:00:00',
  PRIMARY KEY (`id`)
) ENGINE=MyISAM AUTO_INCREMENT=70 DEFAULT CHARSET=utf8;

-- ----------------------------
-- Records of medias
-- ----------------------------
INSERT INTO `medias` VALUES ('59', '', 'uploads/medias/2014/09/23', '23.09.2014_db_1411510184.jpg', '1', 'post', '2014-09-23 22:09:45', '2014-09-23 22:09:45');
INSERT INTO `medias` VALUES ('63', '', 'uploads/medias/2014/11/25', '25.11.2014_db_1416879890.jpg', '1', 'post', '2014-11-25 08:44:51', '2014-11-25 08:44:51');
INSERT INTO `medias` VALUES ('64', '', 'uploads/medias/2014/11/25', '25.11.2014_db_1416883377.jpg', '1', 'post', '2014-11-25 09:42:58', '2014-11-25 09:42:58');
INSERT INTO `medias` VALUES ('65', '', 'uploads/medias/2014/11/25', '25.11.2014_db_1416883787.jpg', '1', 'post', '2014-11-25 09:49:47', '2014-11-25 09:49:47');
INSERT INTO `medias` VALUES ('66', '', 'uploads/medias/2014/11/25', '25.11.2014_db_1416884140.jpg', '1', 'post', '2014-11-25 09:55:41', '2014-11-25 09:55:41');
INSERT INTO `medias` VALUES ('67', '', 'uploads/medias/2014/11/25', '25.11.2014_db_1416885852.jpg', '1', 'post', '2014-11-25 10:24:12', '2014-11-25 10:24:12');
INSERT INTO `medias` VALUES ('68', '', 'uploads/medias/2014/11/25', '25.11.2014_db_1416888149.jpg', '1', 'post', '2014-11-25 11:02:30', '2014-11-25 11:02:30');
INSERT INTO `medias` VALUES ('69', '', 'uploads/medias/2014/11/25', '25.11.2014_db_1416908879.jpg', '1', 'post', '2014-11-25 16:48:00', '2014-11-25 16:48:00');

-- ----------------------------
-- Table structure for migrations
-- ----------------------------
DROP TABLE IF EXISTS `migrations`;
CREATE TABLE `migrations` (
  `migration` varchar(255) COLLATE utf8_unicode_ci NOT NULL,
  `batch` int(11) NOT NULL
) ENGINE=InnoDB DEFAULT CHARSET=utf8 COLLATE=utf8_unicode_ci;

-- ----------------------------
-- Records of migrations
-- ----------------------------
INSERT INTO `migrations` VALUES ('2012_12_06_225921_migration_cartalyst_sentry_install_users', '1');
INSERT INTO `migrations` VALUES ('2012_12_06_225929_migration_cartalyst_sentry_install_groups', '1');
INSERT INTO `migrations` VALUES ('2012_12_06_225945_migration_cartalyst_sentry_install_users_groups_pivot', '1');
INSERT INTO `migrations` VALUES ('2012_12_06_225988_migration_cartalyst_sentry_install_throttle', '1');
INSERT INTO `migrations` VALUES ('2013_01_19_011903_create_posts_table', '2');
INSERT INTO `migrations` VALUES ('2013_01_19_044505_create_comments_table', '2');
INSERT INTO `migrations` VALUES ('2013_03_23_193214_update_users_table', '2');

-- ----------------------------
-- Table structure for posts
-- ----------------------------
DROP TABLE IF EXISTS `posts`;
CREATE TABLE `posts` (
  `id` int(10) unsigned NOT NULL AUTO_INCREMENT,
  `user_id` int(10) unsigned NOT NULL,
  `category_id` int(11) DEFAULT NULL,
  `title` varchar(255) COLLATE utf8_unicode_ci NOT NULL,
  `excerpt` varchar(255) COLLATE utf8_unicode_ci NOT NULL,
  `slug` varchar(255) COLLATE utf8_unicode_ci NOT NULL,
  `content` text COLLATE utf8_unicode_ci NOT NULL,
  `media_id` int(11) DEFAULT NULL,
  `meta_title` varchar(255) COLLATE utf8_unicode_ci DEFAULT NULL,
  `meta_description` varchar(255) COLLATE utf8_unicode_ci DEFAULT NULL,
  `meta_keywords` varchar(255) COLLATE utf8_unicode_ci DEFAULT NULL,
  `is_featured` tinyint(1) DEFAULT '0',
  `is_popular` tinyint(1) DEFAULT NULL,
  `showon_homepage` tinyint(1) DEFAULT '0',
  `view_count` int(11) DEFAULT '0',
  `comment_count` int(11) DEFAULT '0',
  `post_type` varchar(20) CHARACTER SET utf8 DEFAULT 'post',
  `status` varchar(25) COLLATE utf8_unicode_ci DEFAULT 'draft',
  `created_at` timestamp NOT NULL DEFAULT '0000-00-00 00:00:00',
  `updated_at` timestamp NOT NULL DEFAULT '0000-00-00 00:00:00',
  PRIMARY KEY (`id`)
) ENGINE=InnoDB AUTO_INCREMENT=14 DEFAULT CHARSET=utf8 COLLATE=utf8_unicode_ci;

-- ----------------------------
-- Records of posts
-- ----------------------------
INSERT INTO `posts` VALUES ('2', '1', '25', 'Vivendo suscipiantur vim te vix', '123 123 12312 3123 213 123 213 123 21 3', 'vivendo-suscipiantur-vim-te-vix', '&lt;p&gt;In mea autem etiam menandri, quot elitr vim ei, eos semper disputationi id? Per facer appetere eu, duo et animal maiestatis. Omnesque invidunt mnesarchum ex mel, vis no case senserit dissentias. Te mei minimum singulis inimicus, ne labores accusam necessitatibus vel, vivendo nominavi ne sed. Posidonium scriptorem consequuntur cum ex? Posse fabulas iudicabit in nec, eos cu electram forensibus, pro ei commodo tractatos reformidans. Qui eu lorem augue alterum, eos in facilis pericula mediocritatem? Est hinc legimus oporteat in. Sit ei melius delicatissimi. Duo ex qualisque adolescens! Pri cu solum aeque. Aperiri docendi vituperatoribus has ea! Sed ut ludus perfecto sensibus, no mea iisque facilisi. Choro tation melius et mea, ne vis nisl insolens. Vero autem scriptorem cu qui? Errem dolores no nam, mea tritani platonem id! At nec tantas consul, vis mundi petentium elaboraret ex, mel appareat maiestatis at. Sed et eros concludaturque. Mel ne aperiam comprehensam! Ornatus delicatissimi eam ex, sea an quidam tritani placerat? Ad eius iriure consequat eam, mazim temporibus conclusionemque eum ex. Te amet sumo usu, ne autem impetus scripserit duo, ius ei mutat labore inciderint! Id nulla comprehensam his? Ut eam deleniti argumentum, eam appellantur definitionem ad. Pro et purto partem mucius! Cu liber primis sed, esse evertitur vis ad. Ne graeco maiorum mea! In eos nostro docendi conclusionemque. Ne sit audire blandit tractatos? An nec dicam causae meliore, pro tamquam offendit efficiendi ut. Te dicta sadipscing nam, denique albucius conclusionemque ne usu, mea eu euripidis philosophia! Qui at vivendo efficiendi! Vim ex delenit blandit oportere, in iriure placerat cum. Te cum meis altera, ius ex quis veri. Mutat propriae eu has, mel ne veri bonorum tincidunt. Per noluisse sensibus honestatis ut, stet singulis ea eam, his dicunt vivendum mediocrem ei. Ei usu mutat efficiantur, eum verear aperiam definitiones an! Simul dicam instructior ius ei. Cu ius facer doming cotidieque! Quot principes eu his, usu vero dicat an. Ex dicta perpetua qui, pericula intellegam scripserit id vel. Id fabulas ornatus necessitatibus mel. Prompta dolorem appetere ea has. Vel ad expetendis instructior! Te his dolorem adversarium? Pri eu rebum viris, tation molestie id pri. Mel ei stet inermis dissentias. Sed ea dolorum detracto vituperata. Possit oportere similique cu nec, ridens animal quo ex?&lt;/p&gt;\r\n', '59', '', '', '', '0', '0', '0', '4', '0', 'post', 'published', '2014-08-30 03:22:33', '2014-11-24 08:13:09');
INSERT INTO `posts` VALUES ('3', '1', '25', 'In iisque similique reprimique eum', ' Pri cu solum aeque. Aperiri docendi vituperatoribus has ea! Sed ut ludus perfecto sensibus, no mea iisque facilisi. Choro tation melius et mea, ne vis nisl insolens. Vero autem scriptorem cu qui? Errem dolores no nam, mea tritani platonem id! At nec tant', 'in-iisque-similique-reprimique-eum', '<p>In mea autem etiam menandri, quot elitr vim ei, eos semper disputationi id? Per facer appetere eu, duo et animal maiestatis. Omnesque invidunt mnesarchum ex mel, vis no case senserit dissentias. Te mei minimum singulis inimicus, ne labores accusam necessitatibus vel, vivendo nominavi ne sed. Posidonium scriptorem consequuntur cum ex? Posse fabulas iudicabit in nec, eos cu electram forensibus, pro ei commodo tractatos reformidans. Qui eu lorem augue alterum, eos in facilis pericula mediocritatem? Est hinc legimus oporteat in. Sit ei melius delicatissimi. Duo ex qualisque adolescens! Pri cu solum aeque. Aperiri docendi vituperatoribus has ea! Sed ut ludus perfecto sensibus, no mea iisque facilisi. Choro tation melius et mea, ne vis nisl insolens. Vero autem scriptorem cu qui? Errem dolores no nam, mea tritani platonem id! At nec tantas consul, vis mundi petentium elaboraret ex, mel appareat maiestatis at. Sed et eros concludaturque. Mel ne aperiam comprehensam! Ornatus delicatissimi eam ex, sea an quidam tritani placerat? Ad eius iriure consequat eam, mazim temporibus conclusionemque eum ex. Te amet sumo usu, ne autem impetus scripserit duo, ius ei mutat labore inciderint! Id nulla comprehensam his? Ut eam deleniti argumentum, eam appellantur definitionem ad. Pro et purto partem mucius! Cu liber primis sed, esse evertitur vis ad. Ne graeco maiorum mea! In eos nostro docendi conclusionemque. Ne sit audire blandit tractatos? An nec dicam causae meliore, pro tamquam offendit efficiendi ut. Te dicta sadipscing nam, denique albucius conclusionemque ne usu, mea eu euripidis philosophia! Qui at vivendo efficiendi! Vim ex delenit blandit oportere, in iriure placerat cum. Te cum meis altera, ius ex quis veri. Mutat propriae eu has, mel ne veri bonorum tincidunt. Per noluisse sensibus honestatis ut, stet singulis ea eam, his dicunt vivendum mediocrem ei. Ei usu mutat efficiantur, eum verear aperiam definitiones an! Simul dicam instructior ius ei. Cu ius facer doming cotidieque! Quot principes eu his, usu vero dicat an. Ex dicta perpetua qui, pericula intellegam scripserit id vel. Id fabulas ornatus necessitatibus mel. Prompta dolorem appetere ea has. Vel ad expetendis instructior! Te his dolorem adversarium? Pri eu rebum viris, tation molestie id pri. Mel ei stet inermis dissentias. Sed ea dolorum detracto vituperata. Possit oportere similique cu nec, ridens animal quo ex?</p>\r\n', '59', '', '', '', '1', '0', '0', '6', '0', 'post', 'published', '2014-09-03 03:22:33', '2014-11-24 09:46:44');
INSERT INTO `posts` VALUES ('4', '1', '29', 'Đ&acirc;u kh&oacute;&hellip;c&oacute; Thừa ph&aacute;t lại', 'Sau hai năm thí điểm chế định thừa phát lại tại TP.HCM, kết quả đạt được ban đầu đã khẳng định việc thí điểm này là chủ trương đúng đắn của Đảng và Nhà nước trong cải cách tư pháp, từng bước xã hội hóa lĩnh vực thi hành án dân sự.', 'dau-khoco-thua-phat-lai', '<p>Người d&acirc;n c&oacute; nhiều c&ocirc;ng cụ hỗ trợ đắc lực hơn trong việc thực hiện quyền lợi ch&iacute;nh đ&aacute;ng của m&igrave;nh. Nhu cầu của người d&acirc;n v&agrave; doanh nghiệp về hoạt động của thừa ph&aacute;t lại cũng ng&agrave;y c&agrave;ng đa dạng, phong ph&uacute;. Tuy vậy, h&agrave;nh lang ph&aacute;p l&yacute; cho hoạt động của thừa ph&aacute;t lại đ&atilde; bộc lộ nhiều vấn đề cần bổ sung, sửa đổi. Đ&acirc;y cũng l&agrave; nội dung được đặt ra tại Hội nghị tổng kết việc th&iacute; điểm thừa ph&aacute;t lại diễn ra h&ocirc;m nay (3-8) tại TP.HCM.</p>\r\n\r\n<p>Ngo&agrave;i việc thực hiện&nbsp;<a href=\"http://thuaphatlaihanoi.com/tong-dat/\">tống đạt</a>&nbsp;giấy tờ, trực tiếp tổ chức thi h&agrave;nh &aacute;n (THA), thừa ph&aacute;t lại (TPL) c&ograve;n ghi điểm trong c&aacute;c hoạt động như lập vi bằng, x&aacute;c minh điều kiện THA theo y&ecirc;u cầu của đương sự.</p>\r\n\r\n<p><strong>Giải cứu nhiều vụ bất khả thi</strong></p>\r\n\r\n<p>Được t&ograve;a xử thắng kiện, buộc bị đơn phải trả cho m&igrave;nh khoản nợ hơn 400 triệu đồng, b&agrave; Trần Thanh Mai (ngụ tr&ecirc;n đường Nguyễn Thị Diệu, quận 3) vui mừng, hối hả đến Chi cục THA quận B&igrave;nh Thạnh nộp đơn y&ecirc;u cầu THA, mong sớm nhận lại tiền. N&agrave;o ngờ, b&agrave; vấp ngay phải thủ tục buộc người được THA phải tự x&aacute;c minh điều kiện THA của người phải THA th&igrave; mới được thụ l&yacute; vụ việc. &ldquo;Quy định kh&oacute; qu&aacute;, sao l&agrave;m nổi. Cả đời c&oacute; mấy khi kiện tụng, THA g&igrave; đ&acirc;u, sao m&agrave; tui biết thủ tục x&aacute;c minh thế n&agrave;o để l&agrave;m. Hơn nữa, tui cũng gần 70 tuổi rồi, sức đ&acirc;u m&agrave; đi tới, đi lui x&aacute;c minh t&agrave;i sản của họ&rdquo; &ndash; b&agrave; Mai rầu rĩ n&oacute;i.</p>\r\n\r\n<p>D&ograve; hỏi khắp nơi, rốt cuộc b&agrave; Mai t&igrave;m tới Văn ph&ograve;ng TPL quận 1 nhờ l&agrave;m gi&uacute;p &ldquo;nhiệm vụ bất khả thi&rdquo; ấy. TPL Nguyễn Thị Hạnh cho biết trường hợp của b&agrave; Mai, TPL sẽ gửi văn bản đến c&aacute;c cơ quan chức năng: Ph&ograve;ng TN&amp;MT quận, Chi cục Thuế&hellip; để x&aacute;c minh chủ sở hữu căn nh&agrave; v&agrave; hai cửa h&agrave;ng m&agrave; b&agrave; Mai nghi l&agrave; t&agrave;i sản của người phải THA. C&oacute; kết quả x&aacute;c minh điều kiện THA của vụ việc, đương sự c&oacute; thể nhờ THA hay TPL thi h&agrave;nh bản &aacute;n của t&ograve;a.</p>\r\n\r\n<p>Qu&aacute; mệt trong vụ kiện đ&ograve;i nợ, C&ocirc;ng ty TNHH L.H. đ&atilde; thu&ecirc; văn ph&ograve;ng TPL x&aacute;c minh t&agrave;i sản của đối t&aacute;c để thăm d&ograve; khả năng THA. Kết quả, đối t&aacute;c sở hữu v&agrave;i chiếc &ocirc; t&ocirc;, c&ograve;n t&agrave;i khoản c&oacute; đến v&agrave;i trăm triệu đồng, thừa tiền trả nợ. H&agrave;i l&ograve;ng trước hiệu quả đạt được, d&ugrave; được t&ograve;a gợi &yacute; &ldquo;hai b&ecirc;n giao nhận dưới sự gi&aacute;m s&aacute;t của Chi cục THA quận&rdquo;, gi&aacute;m đốc c&ocirc;ng ty n&agrave;y vẫn quyết định chuyển hướng qua văn ph&ograve;ng TPL y&ecirc;u cầu thi h&agrave;nh quyết định c&ocirc;ng nhận thỏa thuận của t&ograve;a.</p>\r\n\r\n<p><strong>Phải chi kịp lập vi bằng</strong></p>\r\n\r\n<p>Luật sư Nguyễn Th&agrave;nh Long kể lại: Năm 2010, Văn ph&ograve;ng Luật sư (VPLS) Phạm &amp; Li&ecirc;n danh đại diện cho C&ocirc;ng ty Interbrand Group của Anh (kh&aacute; nổi tiếng tr&ecirc;n thế giới trong lĩnh vực kinh doanh ph&aacute;t triển thương hiệu) đ&atilde; khởi kiện hai doanh nghiệp (DN) Việt Nam hoạt động trong c&ugrave;ng lĩnh vực v&igrave; sử dụng dấu hiệu &ldquo;INTERBRAND&rdquo; c&oacute; thể g&acirc;y nhầm lẫn với thương hiệu nổi tiếng Interbrand của Anh. &ldquo;Kết quả, ch&uacute;ng t&ocirc;i đ&atilde; thắng kiện một vụ nhưng vụ kiện c&ograve;n lại th&igrave; l&acirc;m v&agrave;o t&igrave;nh thế kh&oacute; xử v&igrave; bị đơn t&igrave;m mọi c&aacute;ch để x&oacute;a dấu vết vi phạm. B&acirc;y giờ, ch&uacute;ng t&ocirc;i kh&aacute; vất vả để chứng minh h&agrave;nh vi vi phạm của DN n&agrave;y. Nếu thời điểm đ&oacute;, c&oacute; TPL kịp lập vi bằng những vi phạm n&agrave;y th&igrave; giờ đ&atilde; c&oacute; chứng cứ qu&aacute; hữu hiệu, kh&ocirc;ng cần b&agrave;n c&atilde;i&rdquo; &ndash; luật sư Long n&oacute;i.</p>\r\n\r\n<p>R&uacute;t kinh nghiệm, gần đ&acirc;y VPLS Phạm &amp; Li&ecirc;n danh đ&atilde; nhờ TPL tiến h&agrave;nh lập một số vi bằng trong c&aacute;c vụ tranh chấp thương hiệu. Luật sư Long cho biết: &ldquo;Hiện ch&uacute;ng t&ocirc;i đang khiếu nại cơ quan chức năng Trung Quốc để hủy bỏ việc cấp bảo hộ thương hiệu buonmathuot cho một DN kinh doanh c&agrave; ph&ecirc; của Trung Quốc. Để bổ sung chứng cứ, ch&uacute;ng t&ocirc;i đ&atilde; y&ecirc;u cầu Văn ph&ograve;ng TPL quận 1 lập hai vi bằng v&agrave; đ&atilde; nộp cho cơ quan c&oacute; thẩm quyền của Trung Quốc. Đ&oacute; l&agrave; vi bằng về việc DN ấy sử dụng h&igrave;nh ảnh, th&ocirc;ng tin, chữ viết buonmathuot v&agrave; vi bằng ghi nhận s&aacute;ch Atlat địa l&yacute; Việt Nam ghi nhận Bu&ocirc;n Ma Thuột l&agrave; t&ecirc;n một TP thuộc tỉnh Đắk Lắk, chuy&ecirc;n canh sản xuất c&agrave; ph&ecirc;. Ch&uacute;ng t&ocirc;i chứng minh được về chỉ dẫn địa l&yacute; n&ecirc;n rất tự tin, ki&ecirc;n quyết theo đuổi đến c&ugrave;ng&rdquo;.</p>\r\n\r\n<p>Luật sư Long chia sẻ th&ecirc;m rất nhiều vụ chứng cứ vi phạm dễ bị b&ocirc;i x&oacute;a, thay đổi v&agrave; người vi phạm chối bỏ tr&aacute;ch nhiệm. Trong khi đ&oacute;, kh&ocirc;ng phải l&uacute;c n&agrave;o cơ quan chức năng cũng kịp thời bắt quả tang để xử l&yacute;. Nếu kh&ocirc;ng c&oacute; vi bằng l&agrave;m chứng cứ th&igrave; đ&ocirc;i b&ecirc;n sẽ mất thời gian tranh c&atilde;i m&agrave; cơ quan c&oacute; thẩm quyền th&ecirc;m rối, kh&oacute; ph&acirc;n xử.</p>\r\n\r\n<p><strong>&ldquo;Sao&rdquo;, VIP bắt gi&ograve; đối thủ</strong></p>\r\n\r\n<p>Chuyện nhờ TPL bắt quả tang vi phạm tr&ecirc;n mạng để đ&ograve;i lại danh dự đang dần phổ biến. Mới đ&acirc;y, ca sĩ, diễn vi&ecirc;n Ng&acirc;n Kh&aacute;nh đ&atilde; khởi kiện trang điện tử http://kenh14.vn v&igrave; đăng th&ocirc;ng tin thiếu kiểm chứng, &aacute;m chỉ c&ocirc; tham gia trong một đường d&acirc;y b&aacute;n d&acirc;m d&ugrave; b&agrave;i viết n&agrave;y đ&atilde; được gỡ xuống. Chứng cứ khởi kiện l&agrave; vi bằng được lập khi b&agrave;i viết n&agrave;y c&ograve;n đăng tr&ecirc;n trang web ấy. Hai tờ b&aacute;o điện tử kh&aacute;c sau khi gỡ b&agrave;i viết kh&ocirc;ng ch&iacute;nh x&aacute;c cũng phải c&oacute; văn bản xin lỗi v&agrave; cải ch&iacute;nh.</p>\r\n\r\n<p>Năm trước, giới showbiz kh&aacute; ồn &agrave;o về tranh chấp quyền điều h&agrave;nh hoạt động c&ocirc;ng ty giữa ca sĩ TT v&agrave; người cộng sự TV. Hai b&ecirc;n &ldquo;tố khổ&rdquo; nhau tr&ecirc;n c&aacute;c phương tiện truyền th&ocirc;ng v&agrave; bắn tin&hellip; c&oacute; bằng chứng. Trong qu&aacute; tr&igrave;nh tranh chấp, TPL đ&atilde; được mời tới lập vi bằng để l&agrave;m chứng cứ thủ th&acirc;n sau n&agrave;y. Sự kiện n&agrave;y cũng mở m&agrave;n xu hướng giới showbiz mời TPL đi c&ugrave;ng để l&agrave;m chứng trong một số tranh chấp, thỏa thuận nhằm ph&ograve;ng ngừa rủi ro v&agrave; bắt quả tang nếu ai đ&oacute; chơi xấu m&igrave;nh. Điều n&agrave;y cũng gi&uacute;p hai b&ecirc;n thận trọng giải quyết theo ph&aacute;p luật, tr&aacute;nh bớt căng thẳng c&aacute; nh&acirc;n, kh&ocirc;ng d&ugrave;ng những lời lẽ c&ocirc;ng k&iacute;ch nặng nề v&igrave; ngại TPL ghi lại.</p>\r\n\r\n<p>TPL L&ecirc; Mạnh H&ugrave;ng (Văn ph&ograve;ng TPL quận B&igrave;nh Thạnh) cười b&iacute; hiểm: &ldquo;Đ&acirc;u phải chỉ giới showbiz, nhiều đại gia, người nổi tiếng, c&oacute; địa vị x&atilde; hội cũng l&agrave; kh&aacute;ch quen của một số văn ph&ograve;ng TPL. Họ l&agrave; những kh&aacute;ch &ldquo;VIP&rdquo; b&iacute; mật, v&igrave; nếu lộ th&ocirc;ng tin th&igrave; c&oacute; thể g&acirc;y thiệt hại rất lớn cho sự nghiệp của họ. C&agrave;ng nổi tiếng, họ c&agrave;ng muốn giữ b&iacute; mật li&ecirc;n quan đến đời tư, t&agrave;i sản. Những chuyện thỏa thuận ly th&acirc;n, ph&acirc;n chia t&agrave;i sản trong khi chưa ly h&ocirc;n, hay thỏa thuận h&ugrave;n hạp trong l&agrave;m ăn, tranh chấp quyền lợi giữa c&aacute;c đại gia, &ldquo;sao&rdquo;, bầu show, nh&agrave; quản l&yacute;&hellip; m&agrave; chưa đến mức nhờ ph&aacute;p luật ph&acirc;n xử th&igrave; họ thường t&igrave;m đến TPL nhờ lập vi bằng. V&igrave; tất cả vi bằng đều phải giữ b&iacute; mật nội dung, th&ocirc;ng tin nh&acirc;n th&acirc;n đương sự&rdquo;.</p>\r\n\r\n<p><em>Tạo cạnh tranh l&agrave;nh mạnh</em></p>\r\n\r\n<p><em>Sự hiện diện của TPL b&ecirc;n cạnh hệ thống THA d&acirc;n sự của Nh&agrave; nước tạo điều kiện cho người d&acirc;n được quyền lựa chọn tổ chức THA th&iacute;ch hợp v&agrave; hiệu quả nhất. Đồng thời, tạo ra m&ocirc;i trường cạnh tranh l&agrave;nh mạnh, th&uacute;c đẩy c&aacute;c cơ quan THA d&acirc;n sự của Nh&agrave; nước đổi mới phương thức hoạt động nhằm phục vụ tốt hơn cho người d&acirc;n. Người d&acirc;n kh&ocirc;ng c&ograve;n t&acirc;m l&yacute; xin-cho, e d&egrave; c&ocirc;ng chức quan li&ecirc;u, cửa quyền. Nếu kh&ocirc;ng phục vụ tốt, d&acirc;n sẽ chuyển hồ sơ qua TPL.</em></p>\r\n\r\n<p><em>Hiện THA d&acirc;n sự TP.HCM đ&atilde; thực hiện c&ocirc;ng bố ni&ecirc;m yết năng lực, kinh nghiệm, th&agrave;nh t&iacute;ch của mỗi chấp h&agrave;nh vi&ecirc;n để người d&acirc;n được quyền lựa chọn khi y&ecirc;u cầu THA. Đ&oacute; cũng c&oacute; thể xem l&agrave; bước đầu quảng b&aacute;, cạnh tranh l&agrave;nh mạnh trong việc phục vụ người d&acirc;n. Ngo&agrave;i ra, qua số lượng hơn 103.000 văn bản m&agrave; c&aacute;c văn ph&ograve;ng TPL tống đạt cho t&ograve;a &aacute;n v&agrave; THA d&acirc;n sự cho thấy TPL đ&atilde; g&oacute;p phần giảm tải đ&aacute;ng kể trong hoạt động tố tụng của c&aacute;c cơ quan n&agrave;y.</em></p>\r\n\r\n<p><em>B&agrave; UNG THỊ XU&Acirc;N HƯƠNG, Gi&aacute;m đốc Sở Tư ph&aacute;p TP.HCM</em></p>\r\n\r\n<p><strong>(Theo B&aacute;o PLTPHCM)</strong></p>\r\n', '63', '', '', '', '0', '0', '0', '1', '0', 'post', 'published', '2014-11-25 08:46:25', '2014-11-25 08:50:34');
INSERT INTO `posts` VALUES ('5', '1', '29', 'Sẽ b&aacute;o c&aacute;o Quốc hội về Luật Thừa ph&aacute;t lại trong th&aacute;ng 5/2015', 'Hôm qua (21/11), Đoàn kiểm tra liên ngành do Bộ trưởng Bộ Tư pháp Hà Hùng Cường, Trưởng ban Chỉ đạo thí điểm thực hiện chế định Thừa phát lại ở Trung ương dẫn đầu đã làm việc với UBND TP.Hà Nội về việc triển khai thí điểm chế định này trên địa bàn Thủ đô.', 'se-bao-cao-quoc-hoi-ve-luat-thua-phat-lai-trong-thang-52015', '<p>B&aacute;o c&aacute;o với Đo&agrave;n c&ocirc;ng t&aacute;c, Ph&oacute; Gi&aacute;m đốc Sở Tư ph&aacute;p H&agrave; Nội Hồ Xu&acirc;n Hương cho biết, đến nay H&agrave; Nội đ&atilde; c&oacute; 8 Văn ph&ograve;ng TPL với 35 TPL v&agrave; hơn 80 thư k&yacute; nghiệp vụ v&agrave; nh&acirc;n vi&ecirc;n. Sau 8 th&aacute;ng hoạt động, c&aacute;c văn ph&ograve;ng đ&atilde; lập 720 vi bằng, tống đạt gần 4 ng&agrave;n văn bản của T&ograve;a &aacute;n v&agrave; Thi h&agrave;nh &aacute;n, x&aacute;c minh điều kiện thi h&agrave;nh &aacute;n 39 vụ, tổ chức 7 vụ thi h&agrave;nh &aacute;n.V&igrave; l&agrave; chế định mới n&ecirc;n c&ocirc;ng t&aacute;c tuy&ecirc;n truyền đ&atilde; được th&agrave;nh phố chỉ đạo, triển khai quyết liệt; bước đầu c&aacute;c cơ quan cũng đ&atilde; c&oacute; sự phối hợp t&iacute;ch cực với TPL.</p>\r\n\r\n<p>&nbsp;</p>\r\n\r\n<p><em>Bộ trưởng Bộ Tư ph&aacute;p H&agrave; H&ugrave;ng Cường l&agrave;m việc tại UBND TP. H&agrave; Nội</em></p>\r\n\r\n<p>Mặc d&ugrave; vậy, theo &ocirc;ng L&ecirc; Hồng Sơn, Ph&oacute; Chủ tịch UBND TP.H&agrave; Nội, Trưởng ban Chỉ đạo th&iacute; điểm chế định TPL th&agrave;nh phố, việc triển khai ở H&agrave; Nội vẫn chậm so với y&ecirc;u cầu. Ph&aacute;p luật hiện h&agrave;nh c&ograve;n nhiều độ &ldquo;v&ecirc;nh&rdquo; so với thực tiễn n&ecirc;n cũng g&acirc;y kh&oacute; khăn cho lĩnh vực c&ocirc;ng t&aacute;c n&agrave;y.</p>\r\n\r\n<p>C&ograve;n theo phản &aacute;nh của đại diện c&aacute;c Văn ph&ograve;ng TPL tr&ecirc;n địa b&agrave;n H&agrave; Nội th&igrave; ngo&agrave;i vấn đề nhận thức &ldquo;chưa th&ocirc;ng&rdquo;, hiện nay mức chi ph&iacute; tống đạt văn bản qu&aacute; thấp, lập vi bằng cũng chưa r&otilde; trường hợp n&agrave;o được lập, trường hợp n&agrave;o kh&ocirc;ng; trong x&aacute;c minh điều kiện thi h&agrave;nh &aacute;n, nhiều cơ quan, tổ chức kh&ocirc;ng phối hợp với TPL...&nbsp;</p>\r\n\r\n<p>Đ&aacute;ng ch&uacute; &yacute;, hiện nay việc tống đạt giấy tờ cho phạm nh&acirc;n trong c&aacute;c trại giam hết sức kh&oacute; khăn. Theo c&aacute;c TPL, hiện đang c&oacute; t&igrave;nh trạng T&ograve;a &aacute;n y&ecirc;u cầu tạm dừng việc tống đạt giấy tờ trước khi vụ &aacute;n h&igrave;nh sự được đưa ra x&eacute;t xử (chỉ tống đạt sau khi vụ &aacute;n h&igrave;nh sự được đưa ra x&eacute;t xử)&hellip;</p>\r\n\r\n<p>Ghi nhận phản &aacute;nh của c&aacute;c Văn ph&ograve;ng TPL, của đại diện c&aacute;c cơ quan về những kh&oacute; khăn, vướng mắc trong hoạt động n&agrave;y, Bộ trưởng cho biết từ hoạt động th&iacute; điểm TPL, Bộ Tư ph&aacute;p sẽ x&acirc;y dựng Dự thảo Luật TPL, cố gắng th&aacute;ng 5/2015 sẽ b&aacute;o c&aacute;o Quốc hội để c&oacute; thể tr&igrave;nh dự thảo n&agrave;y l&ecirc;n Quốc hội v&agrave;o năm 2016.&nbsp;</p>\r\n\r\n<p>&nbsp;</p>\r\n\r\n<p><em>Bộ trưởng Bộ Tư ph&aacute;p H&agrave; H&ugrave;ng Cường l&agrave;m việc tại VP Thừa ph&aacute;t lại Ba Đ&igrave;nh</em></p>\r\n\r\n<p>Cũng trong s&aacute;ng 21/11, Bộ trưởng v&agrave; Đo&agrave;n c&ocirc;ng t&aacute;c đ&atilde; đến thăm v&agrave; l&agrave;m việc tại Văn ph&ograve;ng Thừa ph&aacute;t lại Ba Đ&igrave;nh. Tại đ&acirc;y, Bộ trưởng đ&atilde; ghi nhận những kết quả khả quan m&agrave; Văn ph&ograve;ng n&agrave;y đ&atilde; đạt được v&agrave; mong muốn Văn ph&ograve;ng Thừa ph&aacute;t lại Ba Đ&igrave;nh x&aacute;c định r&otilde; nhiệm vụ ch&iacute;nh trị của m&igrave;nh, tiếp tục khắc phục kh&oacute; khăn để g&oacute;p phần v&agrave;o th&agrave;nh c&ocirc;ng của chế định Thừa ph&aacute;t lại tr&ecirc;n địa b&agrave;n H&agrave; Nội n&oacute;i ri&ecirc;ng, cả nước n&oacute;i chung.</p>\r\n\r\n<p><strong>Tr&iacute;ch đăng:</strong> B&aacute;o Ph&aacute;p luật Việt Nam <em>(Ti&ecirc;u đề do người đăng đặt lại)</em></p>\r\n', '64', '', '', '', '0', '0', '0', '0', '0', 'post', 'published', '2014-11-25 09:43:11', '2014-11-25 09:43:11');
INSERT INTO `posts` VALUES ('6', '1', '29', 'Cần tăng ph&iacute; tống đạt cho Thừa ph&aacute;t lại', 'Pháp luật quy định thừa phát lại được làm bốn loại việc nhưng hiện nay nguồn thu chủ yếu của thừa phát lại vẫn chỉ từ tống đạt văn bản và lập vi bằng…', 'can-tang-phi-tong-dat-cho-thua-phat-lai', '<p>Ghi nhận từ một số văn ph&ograve;ng thừa ph&aacute;t lại (TPL) ph&iacute;a Bắc, hiện c&ocirc;ng việc của TPL chủ yếu l&agrave; tống đạt văn bản, giấy tờ. Nhưng hoạt động n&agrave;y đang phải đối mặt với rất nhiều kh&oacute; khăn, chưa kể mức ph&iacute; tống đạt c&ograve;n thấp.</p>\r\n\r\n<p><strong>C&ocirc;ng sức nhiều, mức ph&iacute; thấp</strong></p>\r\n\r\n<p>Theo &ocirc;ng Nguyễn To&agrave;n Thắng (Trưởng Văn ph&ograve;ng TPL Ho&agrave;n Kiếm, H&agrave; Nội), đầu ti&ecirc;n l&agrave; quy định nh&acirc;n vi&ecirc;n tống đạt văn bản phải c&oacute; tr&igrave;nh độ ĐH luật. &ldquo;Nếu để đi tống đạt tr&ecirc;n tất cả địa b&agrave;n được ph&acirc;n c&ocirc;ng sẽ cần rất nhiều người m&agrave; điều kiện đ&oacute; qu&aacute; cao, rất kh&oacute; đ&aacute;p ứng. Đối với nh&acirc;n vi&ecirc;n tống đạt văn bản, ch&uacute;ng t&ocirc;i thấy chỉ cần l&agrave; người học hết lớp 12, được đ&agrave;o tạo tốt về thực hiện c&ocirc;ng t&aacute;c tống đạt l&agrave; được&rdquo; - &ocirc;ng Thắng n&oacute;i.</p>\r\n\r\n<p>Đi v&agrave;o thực tế, c&aacute;c văn ph&ograve;ng TPL gặp kh&oacute; khăn khi đương sự cần tống đạt văn bản kh&ocirc;ng c&oacute; địa chỉ r&otilde; r&agrave;ng, thiếu th&ocirc;ng tin c&aacute; nh&acirc;n (năm sinh, CMND, họ t&ecirc;n cha mẹ&hellip;). Nếu người nh&agrave; kh&ocirc;ng cung cấp hoặc che giấu th&ocirc;ng tin th&igrave; việc tống đạt gi&aacute;n tiếp th&ocirc;ng qua người nh&agrave;, d&ugrave; họ c&oacute; cam kết giao tận tay cho đương sự đi chăng nữa cũng vẫn gặp nhiều rủi ro, c&oacute; thể sai về mặt thủ tục.</p>\r\n\r\n<p>&ldquo;Nhiều khi đương sự từ chối nhận văn bản, thư k&yacute; nghiệp vụ phải xin x&aacute;c nhận của tổ trưởng tổ d&acirc;n phố hoặc cảnh s&aacute;t khu vực, sau đ&oacute; l&ecirc;n UBND phường hoặc c&ocirc;ng an phường để chứng thực chữ k&yacute; của tổ trưởng tổ d&acirc;n phố hoặc cảnh s&aacute;t khu vực đ&oacute;. Những trường hợp như vậy, thư k&yacute; nghiệp vụ gặp rất nhiều kh&oacute; khăn, mất c&ocirc;ng mất sức do c&aacute;c c&aacute;n bộ nh&agrave; nước n&agrave;y thậm ch&iacute; c&ograve;n chưa biết TPL l&agrave; g&igrave;, l&agrave; ai n&ecirc;n thiếu hợp t&aacute;c&rdquo; - &ocirc;ng Thắng cho biết.</p>\r\n\r\n<p>Đ&atilde; thế mức ph&iacute; tống đạt lại qu&aacute; thấp. Theo quy định, TPL đi tống đạt văn bản trong phạm vi quận, huyện nơi đặt trụ sở văn ph&ograve;ng th&igrave; mức ph&iacute; l&agrave; 65.000 đồng/việc; trường hợp ngo&agrave;i phạm vi quận, huyện nơi đặt trụ sở th&igrave; được chi trả 130.000 đồng/việc; trường hợp &ldquo;c&ugrave;ng một địa chỉ&rdquo; th&igrave; mức ph&iacute; chỉ l&agrave; 30.000 đồng.</p>\r\n\r\n<p>&Ocirc;ng Trần Ngọc To&agrave;n (Trưởng Văn ph&ograve;ng TPL Cẩm Phả, Quảng Ninh) than: &ldquo;Ch&uacute;ng t&ocirc;i ra tận huyện đảo C&ocirc; T&ocirc;, đảo Quan Lạn hay huyện miền n&uacute;i B&igrave;nh Li&ecirc;u để tống đạt, c&oacute; chuyến đi tổng chi ph&iacute; khoảng 1,3 triệu đồng nhưng chỉ được thu 130.000 đồng/trường hợp&rdquo;.</p>\r\n\r\n<p>&Ocirc;ng Mạc Văn Quang (nguy&ecirc;n Ph&oacute; Gi&aacute;m đốc Sở Tư ph&aacute;p tỉnh Quảng Ninh, người đang chờ quyết định bổ nhiệm TPL) cho biết th&ecirc;m: &ldquo;Quy định n&oacute;i tống đạt &ldquo;c&ugrave;ng một địa chỉ&rdquo; th&igrave; mức ph&iacute; l&agrave; 30.000 đồng. Kh&aacute;i niệm &ldquo;c&ugrave;ng một địa chỉ&rdquo; n&agrave;y rất m&ugrave; mờ, dẫn đến nhiều c&aacute;ch hiểu kh&aacute;c nhau. Người th&igrave; cho rằng &ldquo;c&ugrave;ng một địa chỉ&rdquo; l&agrave; c&ugrave;ng một nh&agrave;, người kh&aacute;c n&oacute;i c&ugrave;ng tổ, c&ugrave;ng khu phố. Cuối c&ugrave;ng trong mọi trường hợp cứ tống đạt trong một phường l&agrave; TPL chỉ thu được 30.000 đồng&rdquo;.</p>\r\n\r\n<p><strong>Lập vi bằng: Quy định c&ograve;n bất cập</strong></p>\r\n\r\n<p>C&ocirc;ng việc mang nguồn thu nhập ổn định thứ hai của TPL l&agrave; lập vi bằng. Tuy nhi&ecirc;n theo c&aacute;c TPL, họ cũng gặp kh&aacute; nhiều kh&oacute; khăn do c&aacute;c quy định về vấn đề n&agrave;y c&ograve;n chung chung v&agrave; bất cập.</p>\r\n\r\n<p>Theo &ocirc;ng Trần Ngọc To&agrave;n, theo quy định vi bằng do TPL lập chỉ ghi nhận sự kiện h&agrave;nh vi, kh&ocirc;ng được ghi nhận mục đ&iacute;ch, nhận định trong khi người d&acirc;n đặt y&ecirc;u cầu cao hơn. Đại diện một số văn ph&ograve;ng TPL kh&aacute;c th&igrave; băn khoăn về quy định TPL kh&ocirc;ng được lập vi bằng trong trường hợp &ldquo;những sự kiện, h&agrave;nh vi c&oacute; t&iacute;nh chất nhạy cảm ảnh hưởng đến đời sống x&atilde; hội, đến thuần phong, mỹ tục của d&acirc;n tộc&rdquo; (Nghị định 61/2009 của Ch&iacute;nh phủ). Bởi lẽ những sự kiện, h&agrave;nh vi n&agrave;o ảnh hưởng đến đời sống x&atilde; hội, đến thuần phong mỹ tục th&igrave; chưa được giải th&iacute;ch r&otilde;.</p>\r\n\r\n<p>C&ograve;n theo &ocirc;ng Nguyễn To&agrave;n Thắng, một vấn đề kh&aacute;c l&agrave; t&iacute;nh ph&aacute;p l&yacute; của vi bằng do TPL lập chưa r&otilde; n&ecirc;n nhiều c&aacute;n bộ kh&ocirc;ng coi trọng. &ldquo;Do vi bằng chưa được biết đến v&agrave; sử dụng rộng r&atilde;i n&ecirc;n trong c&aacute;c giao dịch d&acirc;n sự, khi người d&acirc;n đưa ra c&aacute;c vi bằng do TPL lập để bảo vệ quyền v&agrave; lợi &iacute;ch hợp ph&aacute;p của m&igrave;nh th&igrave; kh&ocirc;ng được c&ocirc;ng nhận. Chẳng hạn người d&acirc;n đưa vi bằng x&aacute;c nhận về việc chuyển giao quyền sử dụng đất v&agrave; quyền sở hữu nh&agrave; ở cho c&aacute;c c&aacute;n bộ nh&agrave; nước để l&agrave;m cơ sở cho việc l&agrave;m giấy hồng th&igrave; đa số c&aacute;n bộ kh&ocirc;ng chấp nhận v&agrave; thường g&acirc;y kh&oacute; dễ&rdquo; - &ocirc;ng Thắng cho biết.</p>\r\n\r\n<p>Theo &ocirc;ng Thắng, thực tế ở TP H&agrave; Nội đang tồn tại loại h&igrave;nh dịch vụ vay vốn giữa c&aacute;c c&aacute; nh&acirc;n với nhau. Do nhu cầu cần vốn, nhiều người đi vay t&iacute;n dụng của c&aacute; nh&acirc;n v&agrave; thế chấp nh&agrave; cửa hoặc giấy tờ nh&agrave;, đất. Hai b&ecirc;n thường lập hợp đồng chuyển nhượng nh&agrave; đất, hầu hết đều kh&ocirc;ng được c&ocirc;ng chứng theo quy định. &ldquo;Giao dịch n&agrave;y vẫn tồn tại tr&ecirc;n thực tế. V&igrave; vậy n&ecirc;n chăng quy định cho ph&eacute;p TPL lập vi bằng x&aacute;c nhận sự kiện cho vay, sự kiện lấy nh&agrave; l&agrave;m đảm bảo cho việc trả nợ? Khi t&ograve;a &aacute;n giải quyết th&igrave; c&oacute; đủ căn cứ qua việc lập vi bằng để ph&acirc;n xử đ&uacute;ng với quy định của ph&aacute;p luật v&agrave; bản chất của vụ việc&rdquo; - &ocirc;ng Thắng kiến nghị.</p>\r\n\r\n<p><strong>Nguồn: B&aacute;o PLO</strong></p>\r\n', '65', '', '', '', '0', '0', '0', '0', '0', 'post', 'published', '2014-11-25 09:49:57', '2014-11-25 09:49:57');
INSERT INTO `posts` VALUES ('7', '1', '29', 'Giới Luật sư &ldquo;phản ph&aacute;o&rdquo; Th&ocirc;ng tư của Bộ C&ocirc;ng an v&igrave; lo ngại lạm quyền khi thực thi c&ocirc;ng l&yacute;', 'Ngay sau khi Thông tư 28/2014/TT-BCA được ban hành ngày 7/7/2014, có hiệu lực từ 25/8/2014, giới Luật sư (LS) cả nước đã liên tiếp phản ứng vì nhận thấy một số nội dung liên quan đến hoạt động hành nghề của LS được đề cập trong Thông tư này bị ảnh hưởng, ', 'gioi-luat-su-phan-phao-thong-tu-cua-bo-cong-an-vi-lo-ngai-lam-quyen-khi-thuc-thi-cong-ly', '<p>Trước đ&oacute;, Li&ecirc;n đo&agrave;n Luật sư Việt Nam đ&atilde; c&oacute; văn bản ch&iacute;nh thức gửi Bộ C&ocirc;ng an phản đối qui định tại điều 38 Th&ocirc;ng tư 28, y&ecirc;u cầu phải sửa đổi v&igrave; &ldquo;rất dễ bị hiểu sai, rất dễ bị lạm dụng&rdquo;. &ldquo;Mọi chủ thể tham gia qu&aacute; tr&igrave;nh tố tụng, nhất l&agrave; giữa điều tra vi&ecirc;n (ĐTV) v&agrave; LS trong giai đoạn điều tra đều được b&igrave;nh đẳng để thực hiện c&aacute;c chức năng, vai tr&ograve; m&agrave; ph&aacute;p luật đ&atilde; qui định, hướng tới một mục ti&ecirc;u chung l&agrave; &ldquo;l&agrave;m s&aacute;ng tỏ sự thật kh&aacute;ch quan của vụ &aacute;n&rdquo;, đảm bảo thực thi c&ocirc;ng l&yacute;&rdquo;, c&ocirc;ng văn của Li&ecirc;n đo&agrave;n LS Việt Nam n&ecirc;u r&otilde;.&nbsp;</p>\r\n\r\n<p><strong>Lo ngại &ldquo;lạm quyền&rdquo; v&igrave; thiếu sự b&igrave;nh đẳng</strong></p>\r\n\r\n<p>&ldquo;Điểm n&oacute;ng&rdquo; nhất trong Th&ocirc;ng tư 28 khiến giới LS quan t&acirc;m ch&iacute;nh l&agrave; Điều 38 về Tr&aacute;ch nhiệm của ĐTV trong việc xử l&yacute; vi phạm đối với người b&agrave;o chữa, người bảo vệ quyền lợi của đương sự hoặc trợ gi&uacute;p vi&ecirc;n ph&aacute;p l&yacute;.&nbsp;</p>\r\n\r\n<p>Theo đ&oacute;, &ldquo;khi ph&aacute;t hiện thấy người b&agrave;o chữa, người bảo vệ quyền lợi của đương sự hoặc trợ gi&uacute;p vi&ecirc;n ph&aacute;p l&yacute; c&oacute; h&agrave;nh vi cản trở, g&acirc;y kh&oacute; khăn cho hoạt động điều tra như: cưỡng &eacute;p, x&uacute;i giục người kh&aacute;c khai b&aacute;o gian dối, ngăn cản việc khai b&aacute;o, tiết lộ b&iacute; mật, cung cấp t&agrave;i liệu sai sự thật, khiếu nại, kiến nghị kh&ocirc;ng c&oacute; căn cứ hoặc c&oacute; h&agrave;nh vi tr&aacute;i ph&aacute;p luật kh&aacute;c th&igrave; ĐTV tiến h&agrave;nh lập bi&ecirc;n bản sự việc tr&ecirc;n, c&oacute; thể ghi &acirc;m, ghi h&igrave;nh hoặc tiến h&agrave;nh biện ph&aacute;p kh&aacute;c nhằm thu thập t&agrave;i liệu, chứng cứ chứng minh h&agrave;nh vi cản trở, g&acirc;y kh&oacute; khăn cho hoạt động điều tra của họ. T&ugrave;y theo mức độ vi phạm, ĐTV b&aacute;o c&aacute;o Thủ trưởng hoặc Ph&oacute; thủ trưởng cơ quan điều tra ra quyết định thu hồi Giấy chứng nhận người b&agrave;o chữa, Giấy chứng nhận người bảo vệ quyền lợi của đương sự hoặc đề xuất biện ph&aacute;p xử l&yacute; kh&aacute;c theo quy định của ph&aacute;p luật&rdquo;.</p>\r\n\r\n<p>Li&ecirc;n đo&agrave;n LS Việt Nam cho rằng, Th&ocirc;ng tư 28 l&agrave; hết sức cần thiết nhằm n&acirc;ng cao tr&aacute;ch nhiệm, thực hiện v&agrave; tu&acirc;n thủ nghi&ecirc;m t&uacute;c c&ocirc;ng t&aacute;c điều tra h&igrave;nh sự của cơ quan điều tra c&aacute;c cấp, thủ trưởng, ph&oacute; thủ trưởng v&agrave; ĐTV. Tuy nhi&ecirc;n, trong điều kiện những h&agrave;nh vi l&agrave;m ảnh hưởng đến hoạt động h&agrave;nh nghề của LS, thậm ch&iacute; vẫn c&ograve;n những h&agrave;nh vi x&acirc;m hại đến quyền h&agrave;nh nghề hợp ph&aacute;p của LS trong giai đoạn điều tra vẫn chưa được xử l&yacute; triệt để d&ugrave; đ&atilde; c&oacute; Th&ocirc;ng tư 70/2011/TT-BCA th&igrave; với qui định của Điều 38 &ldquo;chưa ph&ugrave; hợp với c&aacute;c qui định của ph&aacute;p luật, thiếu sự b&igrave;nh đẳng&rdquo; th&igrave; sẽ c&oacute; khả năng dẫn đến &ldquo;việc nhận thức kh&ocirc;ng đ&uacute;ng, lạm quyền trong qu&aacute; tr&igrave;nh xử l&yacute; vi phạm đối với người b&agrave;o chữa của ĐTV&rdquo;.&nbsp;</p>\r\n\r\n<p>Theo Li&ecirc;n đo&agrave;n LS Việt Nam, nhiều h&agrave;nh vi bị coi l&agrave; vi phạm của người b&agrave;o chữa kh&ocirc;ng được định lượng r&otilde; r&agrave;ng, dễ dẫn đến nhận thức kh&ocirc;ng đầy đủ, thậm ch&iacute; c&oacute; thể bị lạm dụng, g&acirc;y kh&oacute; khăn, cản trở cho hoạt động b&agrave;o chữa của LS trong tố tụng h&igrave;nh sự...</p>\r\n\r\n<p>Li&ecirc;n đo&agrave;n LS Việt Nam cho rằng c&oacute; sự bất b&igrave;nh đẳng trong quan hệ tố tụng giữa ĐTV với người b&agrave;o chữa. Nội dung khoản 1 điều 38 cũng quy định ĐTV c&oacute; quyền đ&aacute;nh gi&aacute; v&agrave; x&aacute;c định dấu hiệu v&agrave; căn cứ cho rằng người b&agrave;o chữa c&oacute; h&agrave;nh vi &ldquo;ngăn cản việc khai b&aacute;o&rdquo;, &ldquo;khiếu nại, kiến nghị kh&ocirc;ng c&oacute; căn cứ hoặc c&oacute; h&agrave;nh vi tr&aacute;i ph&aacute;p luật kh&aacute;c&rdquo;... nhưng lại kh&ocirc;ng được định lượng một c&aacute;ch r&otilde; r&agrave;ng, t&ugrave;y thuộc ho&agrave;n to&agrave;n v&agrave;o nhận định, suy diễn chủ quan của ĐTV n&ecirc;n kh&oacute; tr&aacute;nh lạm quyền, ti&ecirc;u cực.&nbsp;</p>\r\n\r\n<p>B&ecirc;n cạnh đ&oacute;, hoạt động tố tụng phải được tiến h&agrave;nh c&ocirc;ng khai, ph&ugrave; hợp với c&aacute;c qui định của Bộ luật Tố tụng H&igrave;nh sự v&agrave; c&aacute;c biện ph&aacute;p &aacute;p dụng trong hoạt động tố tụng phải l&agrave; c&aacute;c biện ph&aacute;p hợp ph&aacute;p nhưng quy định tại điều 38 Th&ocirc;ng tư 28 d&agrave;nh cho ĐTV quyền &ldquo;ghi &acirc;m, ghi h&igrave;nh hoặc tiến h&agrave;nh biện ph&aacute;p kh&aacute;c nhằm thu thập t&agrave;i liệu, chứng cứ chứng minh h&agrave;nh vi cản trở, g&acirc;y kh&oacute; khăn cho hoạt động điều tra của họ&rdquo; l&agrave; kh&ocirc;ng ph&ugrave; hợp với c&aacute;c quy định của ph&aacute;p luật.&nbsp;</p>\r\n\r\n<p>Đồng thời qui định tạo lợi thế cho ĐTV, tạo sự bất b&igrave;nh đẳng giữa ĐTV với người chữa, bởi theo Quy chế của c&aacute;c Nh&agrave; tạm giữ, Trại tạm giam của Bộ C&ocirc;ng an quản l&yacute; đều c&oacute; những qui định nghi&ecirc;m cấm người b&agrave;o chữa được mang hoặc sử dụng điện thoại, m&aacute;y ảnh, m&aacute;y t&iacute;nh, thiết bị ghi &acirc;m trong khi l&agrave;m việc hoặc tham dự hỏi cung.</p>\r\n\r\n<p><strong>Chỉ &aacute;p dụng đối với những LS c&oacute; dấu hiệu vi phạm</strong></p>\r\n\r\n<p>Đ&oacute; l&agrave; l&yacute; giải của Thiếu tướng Nguyễn Ngọc Anh - Cục trưởng Cục Ph&aacute;p chế v&agrave; cải c&aacute;ch h&agrave;nh ch&iacute;nh, tư ph&aacute;p (Bộ C&ocirc;ng an) về nội dung Điều 38. Với việc cụ thể h&oacute;a những quy định của ph&aacute;p luật được quy định tại Điều 58 Bộ luật Tố tụng H&igrave;nh sự; Điều 9 Luật LS v&agrave; c&aacute;c văn bản hướng dẫn, &ldquo;điều 38 li&ecirc;n quan trực tiếp đến tr&aacute;ch nhiệm của ĐTV, chỉ &aacute;p dụng đối với những LS, người b&agrave;o chữa c&oacute; dấu hiệu vi phạm trong qu&aacute; tr&igrave;nh tham gia tố tụng trong giai đoạn điều tra&rdquo;, đại diện Bộ C&ocirc;ng an l&agrave;m r&otilde;.</p>\r\n\r\n<p>&Ocirc;ng Nguyễn Ngọc Anh khẳng định: &ldquo;Ch&uacute;ng t&ocirc;i đ&aacute;nh gi&aacute; cao vai tr&ograve; của đội ngũ LS trong qu&aacute; tr&igrave;nh tham gia tố tụng h&igrave;nh sự, l&agrave; một k&ecirc;nh phản biện rất quan trong trong cuộc đấu tranh ph&ograve;ng, chống tội phạm, bảo vệ quyền con người. V&igrave; vậy, Bộ C&ocirc;ng an sẽ chỉ đạo cơ quan điều tra c&aacute;c cấp tạo điều kiện để LS h&agrave;nh nghề theo đ&uacute;ng ph&aacute;p luật v&agrave; cũng mong muốn về ph&iacute;a Li&ecirc;n đo&agrave;n LS Việt Nam tăng cường chỉ đạo, kiểm tra xử l&yacute; nghi&ecirc;m t&uacute;c c&aacute;c trường hợp LS cố &yacute; vi phạm trong qu&aacute; tr&igrave;nh h&agrave;nh nghề, g&acirc;y ảnh hưởng kh&ocirc;ng tốt đến uy t&iacute;n của c&aacute;c LS, cản trở, g&acirc;y kh&oacute; khăn cho hoạt động điều tra v&agrave; thực hiện tr&aacute;ch nhiệm của c&aacute;c ĐTV&rdquo;.&nbsp;</p>\r\n\r\n<p>Tuy nhi&ecirc;n, d&ugrave; đại diện Bộ C&ocirc;ng an cam kết &ldquo;bảo đảm v&agrave; hướng dẫn cụ thể, tập huấn kỹ lưỡng trong to&agrave;n ng&agrave;nh để thống nhất về nhận thức, l&agrave;m r&otilde; phạm vi tr&aacute;ch nhiệm để việc thực thi Điều 38 Th&ocirc;ng tư 28 đ&uacute;ng theo quy định của ph&aacute;p luật, kiểm tra, theo d&otilde;i v&agrave; r&uacute;t kinh nghiệm trong từng giai đoạn để c&oacute; thể sửa đổi, bổ sung, trước mắt sẽ sơ kết việc thực hiện Th&ocirc;ng tư 70 để sửa đổi, bổ sung kịp thời, c&ugrave;ng với qu&aacute; tr&igrave;nh ho&agrave;n thiện Bộ luật Tố tụng H&igrave;nh sự sửa đổi sắp tới&rdquo;. &nbsp;</p>\r\n\r\n<p>&ldquo;L&atilde;nh đạo Bộ C&ocirc;ng an đ&atilde; chỉ đạo kiểm tra 30 trường hợp khiếu nại của c&aacute;c LS li&ecirc;n quan đến c&aacute;c vướng mắc, cản trở quyền h&agrave;nh nghề hợp ph&aacute;p trong năm 2013, đ&aacute;nh gi&aacute;, xử l&yacute; nghi&ecirc;m t&uacute;c, c&oacute; b&aacute;o c&aacute;o trả lời r&otilde; r&agrave;ng đến Li&ecirc;n đo&agrave;n LS Việt Nam, đồng thời vừa tiếp nhận 33 trường hợp của năm 2014. Bộ C&ocirc;ng an cũng đ&atilde; c&oacute; văn bản chỉ đạo gửi đến c&aacute;c địa phương, c&aacute;c đầu mối cơ quan điều tra, nh&agrave; tạm giữ, trại tạm giam thuộc lực lượng C&ocirc;ng an nh&acirc;n d&acirc;n y&ecirc;u cầu chấn chỉnh c&ocirc;ng t&aacute;c phối hợp, bảo đảm thực hiện quyền b&agrave;o chữa của người bị tạm giữ, bị can, bị c&aacute;o v&agrave; quyền h&agrave;nh nghề của LS&rdquo;, Thiếu tướng Nguyễn Ngọc Anh cho biết.</p>\r\n\r\n<p>Theo Huy Anh (B&aacute;o Ph&aacute;p luật)&nbsp;</p>\r\n', '66', '', '', '', '0', '0', '0', '0', '0', 'post', 'published', '2014-11-25 09:55:49', '2014-11-25 09:55:49');
INSERT INTO `posts` VALUES ('8', '1', '29', 'Bộ trưởng H&agrave; H&ugrave;ng Cường gửi thư đến c&aacute;n bộ, c&ocirc;ng chức, vi&ecirc;n chức, người lao động Ng&agrave;nh Tư ph&aacute;p', 'Nhân kỷ niệm 69 năm ngày truyền thống Ngành Tư pháp (28/8/1945 - 28/8/2014), Ủy viên BCHTW Đảng, Bộ trưởng Bộ Tư pháp Hà Hùng Cường đã có thư gửi cán bộ, công chức, viên chức, người lao động của Ngành.', 'bo-truong-ha-hung-cuong-gui-thu-den-can-bo-cong-chuc-vien-chuc-nguoi-lao-dong-nganh-tu-phap', '<p>Nh&acirc;n dịp kỷ niệm 69 năm Ng&agrave;y truyền thống Ng&agrave;nh Tư ph&aacute;p Việt Nam (28/8/1945 - 28/8/2014), thay mặt Ban C&aacute;n sự Đảng, L&atilde;nh đạo Bộ Tư ph&aacute;p, t&ocirc;i xin gửi tới c&aacute;c đồng ch&iacute; c&aacute;n bộ l&atilde;o th&agrave;nh v&agrave; to&agrave;n thể c&aacute;n bộ, c&ocirc;ng chức, vi&ecirc;n chức, người lao động đ&atilde; v&agrave; đang c&ocirc;ng t&aacute;c trong Ng&agrave;nh Tư ph&aacute;p cả nước lời thăm hỏi v&agrave; ch&uacute;c mừng tốt đẹp nhất.</p>\r\n\r\n<p><em><em>C&aacute;c đồng ch&iacute; th&acirc;n mến,</em></em></p>\r\n\r\n<p><em>&nbsp;</em></p>\r\n\r\n<p>69 năm qua, được sự quan t&acirc;m l&atilde;nh đạo, chỉ đạo của Đảng, Quốc hội, Ch&iacute;nh phủ, c&ugrave;ng với sự phối hợp của c&aacute;c Bộ, ng&agrave;nh, địa phương v&agrave; đặc biệt l&agrave; sự nỗ lực, cố gắng kh&ocirc;ng ngừng của c&aacute;c thế hệ c&aacute;n bộ l&atilde;nh đạo, c&ocirc;ng chức, vi&ecirc;n chức, người lao động trong Ng&agrave;nh, Ng&agrave;nh Tư ph&aacute;p đ&atilde; ph&aacute;t triển mạnh mẽ, đặc biệt trong thời kỳ Đổi mới. Thể chế c&aacute;c lĩnh vực thuộc chức năng, nhiệm vụ của Ng&agrave;nh ng&agrave;y c&agrave;ng được ho&agrave;n thiện; hiệu lực, hiệu quả quản l&yacute; nh&agrave; nước trong c&aacute;c lĩnh vực x&acirc;y dựng ph&aacute;p luật, thi h&agrave;nh &aacute;n d&acirc;n sự, h&agrave;nh ch&iacute;nh tư ph&aacute;p, bổ trợ tư ph&aacute;p, phổ biến, gi&aacute;o dục ph&aacute;p luật, đ&agrave;o tạo c&aacute;n bộ tư ph&aacute;p v&agrave; ph&aacute;p luật ng&agrave;y c&agrave;ng được tăng cường; c&aacute;c nhiệm vụ mới được giao trong năm 2013 như kiểm so&aacute;t thủ tục h&agrave;nh ch&iacute;nh, quản l&yacute; nh&agrave; nước về xử l&yacute; vi phạm h&agrave;nh ch&iacute;nh, đang từng bước được triển khai thực hiện. Điều đ&oacute; cho thấy c&ocirc;ng t&aacute;c Tư ph&aacute;p đ&atilde; v&agrave; đang h&ograve;a m&igrave;nh với d&ograve;ng chảy chung của đời sống kinh tế - x&atilde; hội của đất nước; tiếp tục ghi những dấu ấn đậm n&eacute;t trong sự nghiệp x&acirc;y dựng v&agrave; bảo vệ Tổ quốc.</p>\r\n\r\n<p><em>Thưa c&aacute;c đồng ch&iacute;,</em></p>\r\n\r\n<p>Tiếp tục ph&aacute;t huy truyền thống vẻ vang trong 69 năm qua, thiết thực kỷ niệm Ng&agrave;y truyền thống của Ng&agrave;nh năm nay, to&agrave;n Ng&agrave;nh quyết t&acirc;m triển khai đồng bộ, to&agrave;n diện c&aacute;c mặt c&ocirc;ng t&aacute;c thuộc chức năng, nhiệm vụ của m&igrave;nh, trong đ&oacute; quan trọng v&agrave; tr&ecirc;n hết l&agrave; việc tiếp tục triển khai thi h&agrave;nh Hiến ph&aacute;p với nhiều quy định mới về quyền con người, quyền c&ocirc;ng d&acirc;n; t&iacute;ch cực tham mưu, gi&uacute;p Ch&iacute;nh phủ x&acirc;y dựng, tr&igrave;nh Quốc hội c&aacute;c dự &aacute;n Bộ luật d&acirc;n sự (sửa đổi), Bộ luật h&igrave;nh sự (sửa đổi) v&agrave; Luật ban h&agrave;nh văn bản quy phạm ph&aacute;p luật (hợp nhất), Luật Hộ tịch qua đ&oacute; g&oacute;p phần tạo nền tảng ph&aacute;p l&yacute; vững chắc cho c&ocirc;ng cuộc x&acirc;y dựng v&agrave; ho&agrave;n thiện Nh&agrave; nước ph&aacute;p quyền x&atilde; hội chủ nghĩa Việt Nam; tiếp tục ph&aacute;t triển một c&aacute;ch bền vững những th&agrave;nh quả cải c&aacute;ch tư ph&aacute;p đ&atilde; đạt được trong gần một thập kỷ qua, đặc biệt l&agrave; trong việc x&atilde; hội h&oacute;a cung cấp c&aacute;c dịch vụ ph&aacute;p l&yacute;, đ&aacute;p ứng ng&agrave;y một tốt hơn, tin cậy hơn nhu cầu thiết th&acirc;n của c&aacute; nh&acirc;n, tổ chức trong điều kiện kinh tế thị trường, hội nhập quốc tế.</p>\r\n\r\n<p>Với niềm tự h&agrave;o, vinh dự về truyền thống, c&aacute;n bộ, c&ocirc;ng chức, vi&ecirc;n chức, người lao động Ng&agrave;nh Tư ph&aacute;p cần nhận thức đầy đủ hơn nữa tr&aacute;ch nhiệm của m&igrave;nh, quyết t&acirc;m kế tục xứng đ&aacute;ng sự nghiệp của c&aacute;c thế hệ c&aacute;n bộ Tư ph&aacute;p đi trước, kh&ocirc;ng ngừng n&acirc;ng cao kiến thức, năng lực hoạt động thực tiễn, tăng cường đo&agrave;n kết, ki&ecirc;n tr&igrave; đổi mới, năng động v&agrave; s&aacute;ng tạo, ho&agrave;n th&agrave;nh xuất sắc c&ocirc;ng t&aacute;c Tư ph&aacute;p hướng tới kỷ niệm 70 năm th&agrave;nh lập Ng&agrave;nh, xứng đ&aacute;ng với niềm tin của Đảng, Nh&agrave; nước v&agrave; nh&acirc;n d&acirc;n.</p>\r\n\r\n<p>Ch&uacute;c to&agrave;n thể c&aacute;n bộ, c&ocirc;ng chức, vi&ecirc;n chức, người lao động đ&atilde; v&agrave; đang c&ocirc;ng t&aacute;c trong Ng&agrave;nh Tư ph&aacute;p v&agrave; gia đ&igrave;nh sức khỏe, hạnh ph&uacute;c v&agrave; th&agrave;nh c&ocirc;ng./.</p>\r\n\r\n<p><em>Ch&agrave;o th&acirc;n &aacute;i,</em></p>\r\n\r\n<p><em><strong>H&agrave; H&ugrave;ng Cường</strong></em></p>\r\n', '67', '', '', '', '0', '0', '0', '0', '0', 'post', 'published', '2014-11-25 10:24:20', '2014-11-25 10:24:20');
INSERT INTO `posts` VALUES ('9', '1', '29', 'Qu&aacute; khổ v&igrave; được... thi h&agrave;nh &aacute;n: Cần sự phối hợp đồng bộ', 'Công tác thi hành án cần sự phối hợp đồng bộ giữa các cơ quan quản lý nhà nước và cơ quan bảo vệ pháp luật hoạt động trên cơ sở nền tảng pháp luật đầy đủ, chặt chẽ, hợp lý và khả thi', 'qua-kho-vi-duoc-thi-hanh-an-can-su-phoi-hop-dong-bo', '<p>Phải n&oacute;i ngay rằng kh&ocirc;ng ai tự nguyện&nbsp;<strong><a href=\"http://nld.com.vn/thi-hanh-an.html\" target=\"_blank\">thi h&agrave;nh &aacute;n</a>&nbsp;</strong>(THA) m&agrave; chỉ l&agrave; kh&ocirc;ng thể trốn tr&aacute;nh được n&ecirc;n mới phải chấp h&agrave;nh trong sự miễn cưỡng tối đa. V&igrave; vậy, họ t&igrave;m đủ mọi c&aacute;ch ngăn cản, g&acirc;y kh&oacute; khăn trong c&ocirc;ng t&aacute;c THA như che giấu,&nbsp;<a href=\"http://nld.com.vn/tau-tan-tai-san.html\" target=\"_blank\">tẩu t&aacute;n t&agrave;i sản</a>&nbsp;cho đến việc thi h&agrave;nh nhỏ giọt, ngụy tạo c&aacute;c tranh chấp li&ecirc;n quan đến t&agrave;i sản.</p>\r\n\r\n<p><strong>Ph&aacute;t sinh nhiều hệ lụy</strong></p>\r\n\r\n<p>Khi niềm tin v&agrave;o ph&aacute;p luật suy giảm th&igrave; tư tưởng &ldquo;tự xử&rdquo; ph&aacute;t sinh l&agrave; điều tất yếu. Do vậy, thực trạng sử dụng &ldquo;<a href=\"http://nld.com.vn/xa-hoi-den.html\" target=\"_blank\">x&atilde; hội đen</a>&rdquo; để giải quyết c&aacute;c quan hệ nợ nần ng&agrave;y c&agrave;ng gia tăng. Tất nhi&ecirc;n, hệ lụy của n&oacute; v&ocirc; c&ugrave;ng nguy hiểm cho trật tự chung v&agrave; c&aacute;c nh&agrave; quản l&yacute; x&atilde; hội phải th&ecirc;m nhọc c&ocirc;ng.</p>\r\n\r\n<p>Nh&igrave;n tổng thể, c&ocirc;ng t&aacute;c THA cần sự phối hợp đồng bộ giữa c&aacute;c cơ quan quản l&yacute; nh&agrave; nước v&agrave; cơ quan bảo vệ ph&aacute;p luật hoạt động tr&ecirc;n cơ sở nền tảng ph&aacute;p luật đầy đủ, chặt chẽ, hợp l&yacute; v&agrave; khả thi. Như vậy, giải ph&aacute;p đầu ti&ecirc;n l&agrave; phải sửa đổi những quy định bất cập của ph&aacute;p luật tố tụng lẫn THA.</p>\r\n\r\n<p>TAND quận 1, TP HCM xử vụ kiện đ&ograve;i hơn 55 triệu USD tiền thắng bạc Ảnh: PHẠM DŨNG</p>\r\n\r\n<p>Rất nhiều lần, chấp h&agrave;nh vi&ecirc;n đ&atilde; tr&aacute;ch người được THA v&igrave; sao kh&ocirc;ng thực hiện thủ tục y&ecirc;u cầu ngăn chặn chuyển dịch t&agrave;i sản trong qu&aacute; tr&igrave;nh kiện tụng để bảo đảm THA về sau. Thật ra, người được THA c&oacute; biết điều n&agrave;y nhưng đ&acirc;u dễ y&ecirc;u cầu khi gi&aacute; trị tranh chấp lớn, to&agrave;n bộ vốn liếng đ&atilde; đổ dồn v&agrave;o đ&acirc;y th&igrave; t&igrave;m đ&acirc;u ra t&agrave;i sản tương đương để đ&oacute;ng tiền bảo đảm nhằm &aacute;p dụng biện ph&aacute;p khẩn cấp tạm thời ngăn chặn chuyển dịch.</p>\r\n\r\n<p>C&oacute; trường hợp gi&aacute; trị tranh chấp nhỏ hơn t&agrave;i sản hiện hữu n&ecirc;n khi đủ tiền đ&oacute;ng bảo đảm th&igrave; kh&ocirc;ng được t&ograve;a &aacute;n chấp nhận m&agrave; y&ecirc;u cầu đ&oacute;ng số tiền tương đương t&agrave;i sản bị ngăn chặn, tất nhi&ecirc;n đ&oacute; l&agrave; y&ecirc;u cầu qu&aacute; sức. V&igrave; vậy, t&agrave;i sản lẽ ra được phong tỏa để bảo đảm THA lại được ung dung chuyển sở hữu.</p>\r\n\r\n<p><strong>Luật h&oacute;a tr&aacute;ch nhiệm</strong></p>\r\n\r\n<p>Vấn đề truy t&igrave;m t&agrave;i sản, nguồn thu nhập của người phải THA cũng l&agrave; sự bất hợp l&yacute; khi trong tay người d&acirc;n kh&ocirc;ng c&oacute; bất cứ c&ocirc;ng cụ, phương tiện n&agrave;o. Y&ecirc;u cầu c&aacute;c tổ chức như ng&acirc;n h&agrave;ng cung cấp số t&agrave;i khoản hoặc số dư trong t&agrave;i khoản l&agrave; điều kh&ocirc;ng thể. Vậy tại sao kh&ocirc;ng luật h&oacute;a việc c&aacute;c ng&acirc;n h&agrave;ng phải c&oacute; tr&aacute;ch nhiệm cung cấp c&aacute;c th&ocirc;ng tin về số t&agrave;i khoản, số dư trong t&agrave;i khoản của những người phải THA cho&nbsp;<a href=\"http://nld.com.vn/co-quan-chuc-nang.html\" target=\"_blank\">cơ quan chức năng</a>?</p>\r\n\r\n<p>Người phải THA l&agrave; b&ecirc;n c&oacute; lỗi v&agrave; bị chế t&agrave;i trong vụ &aacute;n d&acirc;n sự n&ecirc;n họ phải c&oacute; tr&aacute;ch nhiệm thi h&agrave;nh nghĩa vụ để khắc phục. Do đ&oacute;, khi cơ quan THA y&ecirc;u cầu, c&aacute;c ng&acirc;n h&agrave;ng phải xem l&agrave; nghĩa vụ phối hợp để giải quyết vấn đề. Tất nhi&ecirc;n, sẽ c&oacute; quan điểm e ngại việc c&aacute;c chấp h&agrave;nh vi&ecirc;n, thừa ph&aacute;t lại lợi dụng quyền hạn n&agrave;y để truy t&igrave;m v&agrave; ph&aacute;t t&aacute;n th&ocirc;ng tin của c&aacute;c đối tượng kh&aacute;c. Tuy nhi&ecirc;n, c&ocirc;ng cụ ph&aacute;p luật sẽ thực hiện chức năng của m&igrave;nh, chế t&agrave;i nghi&ecirc;m khắc c&aacute;c h&agrave;nh vi lạm dụng n&agrave;y như truy cứu tr&aacute;ch nhiệm h&agrave;nh ch&iacute;nh hoặc h&igrave;nh sự.</p>\r\n\r\n<p>Ở c&aacute;c ph&aacute;p nh&acirc;n v&agrave; thể nh&acirc;n th&igrave; rất cần thiết sự phối hợp của cơ quan thuế với sở kế hoạch v&agrave; đầu tư, ph&ograve;ng kinh tế cấp quận trong quản l&yacute;. Nhiều doanh nghiệp đăng k&yacute;&nbsp;<a href=\"http://nld.com.vn/von-dieu-le.html\" target=\"_blank\">vốn điều lệ</a>&nbsp;rất lớn để c&oacute; thể k&yacute; được c&aacute;c hợp đồng kinh tế gi&aacute; trị cao (hợp đồng thi c&ocirc;ng, đấu thầu, mua b&aacute;n h&agrave;ng h&oacute;a&hellip;), sau đ&oacute; kh&ocirc;ng c&oacute; khả năng thực hiện, thanh to&aacute;n v&agrave; thua kiện nhưng việc THA th&igrave; bỏ ngỏ.</p>\r\n\r\n<p>Thực chất trong nhiều trường hợp, h&agrave;nh vi n&agrave;y c&oacute; dấu hiệu của tội lừa đảo hoặc lạm dụng t&iacute;n nhiệm&nbsp;<a href=\"http://nld.com.vn/chiem-doat-tai-san.html\" target=\"_blank\">chiếm đoạt t&agrave;i sản</a>. Thế nhưng,&nbsp;<a href=\"http://nld.com.vn/co-quan-dieu-tra.html\" target=\"_blank\">cơ quan điều tra</a>&nbsp;thường xếp v&agrave;o tranh chấp kinh tế n&ecirc;n c&aacute;c bản &aacute;n loại n&agrave;y th&igrave; người thắng kiện thường chỉ &ldquo;cầm chơi&rdquo;.</p>\r\n\r\n<p>Quy định ph&aacute;p luật hiện tại đ&atilde; kh&aacute; đầy đủ khi x&aacute;c định tr&aacute;ch nhiệm của người g&oacute;p vốn trong doanh nghiệp phải chịu tr&aacute;ch nhiệm trong trường hợp g&oacute;p chưa đủ. Điều đ&oacute; c&oacute; nghĩa l&agrave; phải lấy t&agrave;i sản ri&ecirc;ng của m&igrave;nh để thanh to&aacute;n cho c&aacute;c khoản nợ ph&aacute;t sinh từ giao dịch của doanh nghiệp m&agrave; m&igrave;nh g&oacute;p vốn.&nbsp;<a href=\"http://nld.com.vn/luat-doanh-nghiep.html\" target=\"_blank\">Luật Doanh nghiệp</a>&nbsp;c&oacute; hẳn một chế định về nội dung n&agrave;y, c&aacute;c quy định trong Bộ Luật D&acirc;n sự cũng x&aacute;c định tr&aacute;ch nhiệm c&aacute; nh&acirc;n tương ứng với trường hợp n&agrave;y. Tuy nhi&ecirc;n, chưa c&oacute; hướng dẫn dưới luật một c&aacute;ch cụ thể n&ecirc;n hầu như chẳng ai phải bỏ tiền t&uacute;i để thanh to&aacute;n cho c&aacute;c khoản nợ ph&aacute;t sinh từ giao dịch của doanh nghiệp m&agrave; m&igrave;nh g&oacute;p vốn. Để rồi nguy&ecirc;n đơn hoặc người được THA phải chạy ngược xu&ocirc;i để t&igrave;m ra t&agrave;i sản hoặc thu nhập của doanh nghiệp kia m&agrave; chẳng bao giờ c&oacute; kết quả.</p>\r\n\r\n<p><strong>Đẩy mạnh x&atilde; hội h&oacute;a THA d&acirc;n sự</strong></p>\r\n\r\n<p>Theo Cục THA d&acirc;n sự TP HCM, để bảo đảm việc x&atilde; hội h&oacute;a c&ocirc;ng t&aacute;c THA d&acirc;n sự được diễn ra nhanh ch&oacute;ng v&agrave; c&oacute; kết quả, cần c&oacute; c&aacute;c quy định ph&aacute;p luật tạo tiền đề ph&aacute;p l&yacute; vững chắc. Bước đầu, cần c&oacute; c&aacute;c quy định mang t&iacute;nh th&iacute; điểm ở phạm vi hạn chế, từ đ&oacute; đ&uacute;c kết kinh nghiệm thực tiễn để triển khai ch&iacute;nh thức. Ngo&agrave;i ra, cần c&oacute; cơ chế mở để c&ocirc;ng chức ng&agrave;nh THA d&acirc;n sự, đặc biệt l&agrave; chấp h&agrave;nh vi&ecirc;n, tham gia v&agrave;o qu&aacute; tr&igrave;nh x&atilde; hội h&oacute;a n&agrave;y v&igrave; họ được đ&agrave;o tạo b&agrave;i bản v&agrave; c&oacute; nhiều kinh nghiệm.</p>\r\n\r\n<p>Cục THA d&acirc;n sự TP HCM cũng đề xuất n&acirc;ng cao vai tr&ograve;, tr&aacute;ch nhiệm của t&ograve;a &aacute;n đối với t&iacute;nh khả thi của bản &aacute;n, quyết định v&agrave; trong việc THA d&acirc;n sự. Việc giao cho t&ograve;a &aacute;n ra quyết định đưa bản &aacute;n ra thi h&agrave;nh sẽ khắc phục được một phần những trường hợp t&ograve;a tuy&ecirc;n kh&ocirc;ng r&otilde; r&agrave;ng, ch&iacute;nh x&aacute;c, thiếu cụ thể v&agrave; kh&ocirc;ng ph&ugrave; hợp với thực tế... Nếu c&oacute; trường hợp thiếu s&oacute;t n&agrave;o xảy ra, t&ograve;a &aacute;n c&oacute; thể chủ động khắc phục ngay khi ban h&agrave;nh quyết định thi h&agrave;nh &aacute;n. Ph.Dũng</p>\r\n\r\n<p>Theo b&aacute;o Người Lao Động&nbsp;</p>\r\n', '0', '', '', '', '0', '0', '0', '0', '0', 'post', 'published', '2014-11-25 10:29:59', '2014-11-25 10:29:59');
INSERT INTO `posts` VALUES ('10', '1', '29', 'Tiến tới x&acirc;y dựng Luật Thừa ph&aacute;t lại', 'Tiếp theo chuyến công tác tại TP.HCM, hôm qua (16/9), Bộ trưởng Hà Hùng Cường đã tới thăm và làm việc tại Văn phòng Thừa phát lại (VPTPL) quận 1, VPTPL quận Bình Thạnh và gặp gỡ tất cả các trưởng VPTPL đóng trên địa bàn TP.HCM. Tại đây, Bộ trưởng đã lắng ', 'tien-toi-xay-dung-luat-thua-phat-lai', '<p>B&agrave; Nguyễn Thị Hạnh, Trưởng VPTPL quận 1 khẳng định với Bộ trưởng rằng, chủ trương triển khai thực hiện TPL l&agrave; ho&agrave;n to&agrave;n đ&uacute;ng đắn. Đến nay, TPL đ&atilde; tạo được uy t&iacute;n, niềm tin của người d&acirc;n, nhất l&agrave; lập vi bằng v&agrave; tống đạt văn bản. T&iacute;nh đến ng&agrave;y 31/7/2014, VPTPL quận 1 đ&atilde; thực hiện tống đạt được gần 90 ngh&igrave;n văn bản, lập được hơn 4,2 ngh&igrave;n vi bằng, x&aacute;c minh điều kiện thi h&agrave;nh &aacute;n được 53 vụ, việc theo hợp đồng. Về tổ chức thi h&agrave;nh &aacute;n, trong 37 vụ, việc th&igrave; văn ph&ograve;ng (VP) tổ chức thi h&agrave;nh &aacute;n xong 11, đ&igrave;nh chỉ 2, trả đơn y&ecirc;u cầu 8 trường hợp, c&ograve;n 16 vụ, việc đang thực hiện.&nbsp;</p>\r\n\r\n<p>Theo b&agrave; Hạnh, b&ecirc;n cạnh những thuận lợi c&oacute; được từ sự quan t&acirc;m, hỗ trợ v&agrave; tạo điều kiện thuận lợi của Bộ Tư ph&aacute;p, Tổng cục Thi h&agrave;nh &aacute;n d&acirc;n sự (THADS), đặc biệt l&agrave; UBND TP.HCM, Sở Tư ph&aacute;p v&agrave; Cục THADS TP.HCM cũng như c&aacute;c sở, ban, ng&agrave;nh li&ecirc;n quan kh&aacute;c th&igrave; vẫn c&ograve;n đ&oacute; những tồn tại nhất định. Cụ thể, sau gần 4 năm, một số quy định trong lĩnh vực li&ecirc;n quan như tố tụng, thi h&agrave;nh &aacute;n, bảo hiểm, ng&acirc;n h&agrave;ng... chưa đồng bộ với c&aacute;c quy định về tổ chức v&agrave; hoạt động của TPL; số lượng thụ l&yacute; THADS c&ograve;n qu&aacute; &iacute;t so với số lượng bản &aacute;n, quyết định của t&ograve;a x&eacute;t xử h&agrave;ng năm. Điều đ&aacute;ng n&oacute;i l&agrave; kh&ocirc;ng &iacute;t người d&acirc;n chưa biết đến thẩm quyền tổ chức thi h&agrave;nh &aacute;n của VPTPL, hoặc c&ograve;n e ngại, băn khoăn...&nbsp;</p>\r\n\r\n<p>Ch&iacute;nh v&igrave; vậy, b&agrave; Hạnh kiến nghị Bộ Tư ph&aacute;p, TANDTC, TAND TP.HCM v&agrave; c&aacute;c quận, huyện n&ecirc;n đưa v&agrave;o bản &aacute;n, quyết định c&oacute; nội dung: &ldquo;Bản &aacute;n, quyết định c&oacute; thể được thi h&agrave;nh &aacute;n tại cơ quan THADS hoặc VPTPL&rdquo;.&nbsp;</p>\r\n\r\n<p>Rời VPTPL quận 1, Bộ trưởng tiếp tục gh&eacute; thăm v&agrave; l&agrave;m việc tại VPTPL quận B&igrave;nh Thạnh. Tại đ&acirc;y, &ocirc;ng L&ecirc; Mạnh H&ugrave;ng, Trưởng VPTPL quận B&igrave;nh Thạnh cho biết th&ecirc;m: VP đ&atilde; k&yacute; hợp đồng tống đạt cho 4 TAND gồm B&igrave;nh Thạnh, quận 1, 2, 9 v&agrave; Chi cục THADS của B&igrave;nh Thạnh, quận 9 v&agrave; quận 2.&nbsp;</p>\r\n\r\n<p>Theo đ&oacute;, t&iacute;nh từ th&aacute;ng 11/2010 đến nay, VP đ&atilde; thực hiện tống đạt được gần 53 ngh&igrave;n văn bản, với tổng số tiền thu được hơn 2,7 tỷ đồng. Về lập vi bằng, VP đ&atilde; thực hiện 1.426 vi bằng, tổng số tiền thu được hơn 3,5 tỷ đồng. VP cũng đ&atilde; tiến h&agrave;nh x&aacute;c minh điều kiện thi h&agrave;nh &aacute;n được 46 vụ, việc. Về tổ chức thi h&agrave;nh &aacute;n, VPTPL B&igrave;nh Thạnh nhận 54 vụ, đ&atilde; thực hiện xong 14 vụ; trả đơn 13 vụ, với tổng gi&aacute; trị thu hồi được gần 20 tỷ đồng.&nbsp;</p>\r\n\r\n<p><strong>Vẫn c&ograve;n nhiều kh&oacute; khăn</strong></p>\r\n\r\n<p>N&oacute;i về kh&oacute; khăn, &ocirc;ng L&ecirc; Mạnh H&ugrave;ng cho biết: Trong thực tiễn c&ocirc;ng t&aacute;c, ng&acirc;n h&agrave;ng v&agrave; cơ quan thuế l&agrave; những đơn vị b&agrave;y tỏ sự kh&ocirc;ng hợp t&aacute;c với TPL trong việc phong tỏa t&agrave;i khoản hoặc khấu trừ tiền trong t&agrave;i khoản để thi h&agrave;nh &aacute;n. Việc t&iacute;nh chi ph&iacute; tống đạt văn bản giữa VPTPL B&igrave;nh Thạnh với c&aacute;c đơn vị được ph&acirc;n c&ocirc;ng &aacute;p dụng theo Th&ocirc;ng tư li&ecirc;n tịch số 09/2014/TTLT-BTP-TANDTC-VKSNDTC-BTC ng&agrave;y 28/2/2014 về hướng dẫn thực hiện th&iacute; điểm chế định TPL theo Nghị quyết 36/2012/QH13 ng&agrave;y 23/11/2012 của Quốc hội chưa c&oacute; văn bản triển khai cụ thể v&agrave; chưa được thực hiện tr&ecirc;n thực tế.&nbsp;</p>\r\n\r\n<p>Trưởng VPTPL quận G&ograve; Vấp th&igrave; kiến nghị Bộ hỗ trợ n&acirc;ng cao nghiệp vụ cho c&aacute;c TPL bằng việc mở c&aacute;c lớp bồi dưỡng nghiệp vụ cho c&aacute;c TPL.</p>\r\n\r\n<p>B&agrave; Ung Thị Xu&acirc;n Hương, Gi&aacute;m đốc Sở Tư ph&aacute;p TP.HCM cho biết, tuy TP.HCM kh&ocirc;ng th&agrave;nh lập Ban Chỉ đạo nhưng nhận được sự quan t&acirc;m của ch&iacute;nh quyền TP bằng c&aacute;c văn bản cụ thể nhằm chỉ đạo c&ocirc;ng t&aacute;c phối hợp trong việc thực hiện th&iacute; điểm TPL. Ch&iacute;nh v&igrave; vậy, c&ocirc;ng t&aacute;c th&iacute; điểm bước đầu v&agrave; đến nay đ&atilde; đạt được những kết quả tốt. C&ugrave;ng tham dự buổi l&agrave;m việc, nguy&ecirc;n Thứ trưởng Bộ Tư ph&aacute;p Nguyễn Đức Ch&iacute;nh chia sẻ: &ldquo;Điều quan trọng l&agrave; l&agrave;m sao để c&aacute;c cơ quan THADS, T&ograve;a &aacute;n cấp huyện, quận... phải qu&aacute;n triệt v&agrave; hiểu r&otilde; tổ chức hoạt động của VPTPL&rdquo;.&nbsp;</p>\r\n\r\n<p>Ph&aacute;t biểu với c&aacute;c VPTPL, Bộ trưởng H&agrave; H&ugrave;ng Cường khẳng định: &ldquo;Với tư c&aacute;ch l&agrave; địa phương đi đầu cả nước th&iacute; điểm chế định TPL, c&aacute;c VPTPL của TP.HCM đang khẳng định sự th&agrave;nh c&ocirc;ng v&agrave; ng&agrave;y c&agrave;ng ổn định, ph&aacute;t triển. Đ&oacute; cũng l&agrave; những nỗ lực của c&aacute;c VPTPL v&agrave;o sự th&agrave;nh c&ocirc;ng của qu&aacute; tr&igrave;nh th&iacute; điểm chế định TPL tr&ecirc;n phạm vi cả nước&rdquo;.&nbsp;</p>\r\n\r\n<p>Bộ trưởng lưu &yacute;, triển khai th&iacute; điểm chế định TPL l&agrave; một vấn đề lớn, mỗi TPL n&oacute;i ri&ecirc;ng v&agrave; c&aacute;c VPTPL n&oacute;i chung cần biết phải l&agrave;m những g&igrave; để nghề TPL kh&ocirc;ng những lớn mạnh m&agrave; c&ograve;n mang sứ mệnh phục vụ tốt cho người d&acirc;n. B&ecirc;n cạnh đ&oacute;, tr&aacute;ch nhiệm của Tổng cục THADS l&agrave; phải c&ugrave;ng với c&aacute;c địa phương th&iacute; điểm TPL c&oacute; những hiến kế để TPL được triển khai thực hiện tốt. C&oacute; như thế th&igrave; mới c&oacute; thể ổn định hoạt động, tiến tới x&acirc;y dựng Luật TPL. Bộ trưởng cho biết một khi Luật TPL ra đời th&igrave; những suy nghĩ, tư tưởng, quan niệm chưa đ&uacute;ng về TPL sẽ được khắc phục.</p>\r\n\r\n<p>Theo Phong Trần (B&aacute;o Ph&aacute;p luật)&nbsp;</p>\r\n', '66', '', '', '', '0', '0', '0', '0', '0', 'post', 'published', '2014-11-25 10:36:15', '2014-11-25 10:36:15');
INSERT INTO `posts` VALUES ('11', '1', '29', 'Vi bằng c&oacute; gi&aacute; trị đến đ&acirc;u?', 'Thừa phát lại lập vi bằng, đăng ký tại Sở Tư pháp. Nếu thấy vi bằng không hợp pháp, Sở Tư pháp từ chối đăng ký. Nhưng nếu những vi bằng đã đăng ký sau đó tòa không chấp nhận chứng cứ này thì ai sẽ chịu trách nhiệm bồi thường thiệt hại cho người dân? Sở Tư', 'vi-bang-co-gia-tri-den-dau', '<p>đ&oacute; l&agrave; một số vấn đề được đặt ra tại T&ograve;a đ&agrave;m c&ocirc;ng t&aacute;c Thừa ph&aacute;t lại khu vự Ph&iacute;a Nam do Cục c&ocirc;ng t&aacute;c Ph&iacute;a Nam Bộ Tư Ph&aacute;p tổ chức ng&agrave;y 26/9/2014 với sự tham gia của đại diện Tổng cục Thi h&agrave;nh &aacute;n d&acirc;n sự (THADS), Sở Tư ph&aacute;p, Cục THADS, t&ograve;a &aacute;n với c&aacute;c văn ph&ograve;ng TPL ở TP.HCM, An Giang, Vĩnh Long, Tiền Giang, B&igrave;nh Dương, Đồng Nai.</p>\r\n\r\n<p><strong>Vi bằng hợp lệ phải c&oacute; đăng k&yacute;</strong></p>\r\n\r\n<p>&Ocirc;ng Từ Dương Tuấn (Trưởng ph&ograve;ng Bổ trợ tư ph&aacute;p - Sở Tư ph&aacute;p TP.HCM) cho biết theo Nghị định 135/2013 th&igrave; &ldquo;vi bằng được coi l&agrave; hợp lệ khi được đăng k&yacute; tại Sở Tư ph&aacute;p&rdquo;. Sở Tư ph&aacute;p c&oacute; quyền từ chối đăng k&yacute; nếu ph&aacute;t hiện thấy việc lập vi bằng kh&ocirc;ng đ&uacute;ng thẩm quyền, kh&ocirc;ng thuộc phạm vi lập vi bằng; vi bằng kh&ocirc;ng được gửi đ&uacute;ng thời hạn để đăng k&yacute;.</p>\r\n\r\n<p>&Ocirc;ng Tuấn n&ecirc;u một thực tế l&agrave; vừa qua, khi c&aacute;c cơ quan, tổ chức tiếp nhận vi bằng do TPL lập th&igrave; lại phải tốn thời gian, chi ph&iacute; để x&aacute;c minh vi bằng đ&oacute; c&oacute; được đăng k&yacute; tại Sở Tư ph&aacute;p hay chưa. Nhiều trường hợp người d&acirc;n nộp vi bằng cho t&ograve;a &aacute;n l&agrave;m chứng cứ trong vụ kiện th&igrave; t&ograve;a đ&atilde; y&ecirc;u cầu Sở Tư ph&aacute;p phải x&aacute;c nhận l&agrave; vi bằng đ&atilde; được đăng k&yacute;. Từ đ&oacute;, &ocirc;ng Tuấn đề xuất: &ldquo;N&ecirc;n c&oacute; c&aacute;ch n&agrave;o đ&oacute; để khi cầm vi bằng l&ecirc;n th&igrave; người ta biết ngay vi bằng hợp lệ hay chưa. Chẳng hạn khi v&agrave;o sổ đăng k&yacute; vi bằng th&igrave; Sở Tư ph&aacute;p sẽ đ&oacute;ng dấu x&aacute;c nhận &ldquo;đ&atilde; đăng k&yacute;&rdquo; l&ecirc;n vi bằng đ&oacute;&rdquo;.</p>\r\n\r\n<p>Được biết, hiện Bộ Tư ph&aacute;p đang dự thảo văn bản hướng dẫn việc lập v&agrave; đăng k&yacute; vi bằng. Theo đ&oacute;, vi bằng sẽ được TPL đăng k&yacute; tại Sở Tư ph&aacute;p trước khi TPL giao cho kh&aacute;ch h&agrave;ng.</p>\r\n\r\n<p><strong>T&ograve;a kh&ocirc;ng chấp nhận th&igrave; sao?</strong></p>\r\n\r\n<p>TPL Nguyễn Tiến Ph&aacute;p (Trưởng Văn ph&ograve;ng TPL quận 10, TP.HCM) nh&igrave;n nhận việc đăng k&yacute; vi bằng tại Sở Tư ph&aacute;p trong thời gian qua đ&atilde; mang lại những hiệu quả t&iacute;ch cực, gi&uacute;p c&aacute;c TPL kiểm so&aacute;t việc lập vi bằng chặt chẽ hơn, chấn chỉnh được c&aacute;c thiếu s&oacute;t.</p>\r\n\r\n<p>Tuy nhi&ecirc;n, theo &ocirc;ng Ph&aacute;p, việc đăng k&yacute; vi bằng chỉ n&ecirc;n mang t&iacute;nh chất quản l&yacute;, lưu trữ chứ kh&ocirc;ng n&ecirc;n quy định l&agrave; điều kiện hợp lệ của vi bằng. Sở Tư ph&aacute;p chỉ n&ecirc;n kiểm so&aacute;t h&igrave;nh thức lập vi bằng đ&uacute;ng hay chưa chứ kh&ocirc;ng n&ecirc;n quản nội dung v&igrave; Sở kh&ocirc;ng chịu tr&aacute;ch nhiệm về nội dung của vi bằng. &ldquo;Nếu những vi bằng đ&atilde; được Sở Tư ph&aacute;p đăng k&yacute;, c&ocirc;ng nhận vi bằng hợp lệ m&agrave; sau n&agrave;y cơ quan kh&aacute;c kh&ocirc;ng chấp nhận nội dung vi bằng th&igrave; sao? Sở c&oacute; phải li&ecirc;n đới chịu tr&aacute;ch nhiệm hay kh&ocirc;ng?&rdquo; - &ocirc;ng Ph&aacute;p băn khoăn.</p>\r\n\r\n<p>B&agrave; Trịnh Ngọc Th&uacute;y (Ph&oacute; Ch&aacute;nh Văn ph&ograve;ng TAND TP.HCM) cho biết: Với vi bằng đ&atilde; đăng k&yacute; (c&oacute; hiệu lực) nộp v&agrave;o t&ograve;a &aacute;n l&agrave;m chứng cứ, t&ograve;a c&ocirc;ng nhận hay kh&ocirc;ng c&ograve;n t&ugrave;y thuộc v&agrave;o việc HĐXX xem x&eacute;t c&oacute; ph&ugrave; hợp với c&aacute;c chứng cứ v&agrave; t&igrave;nh tiết kh&aacute;ch quan kh&aacute;c trong vụ việc hay kh&ocirc;ng. B&agrave; Th&uacute;y cũng lo ngại: &ldquo;Nếu n&oacute;i Sở Tư ph&aacute;p đăng k&yacute; th&igrave; vi bằng c&oacute; hiệu lực m&agrave; sau đ&oacute; t&ograve;a kh&ocirc;ng chấp nhận, kh&ocirc;ng xem đ&oacute; l&agrave; chứng cứ th&igrave; c&oacute; li&ecirc;n quan đến tr&aacute;ch nhiệm bồi thường hay kh&ocirc;ng? V&igrave; thế đề xuất Sở Tư ph&aacute;p đ&oacute;ng dấu l&ecirc;n vi bằng cũng n&ecirc;n xem lại&rdquo;.</p>\r\n\r\n<p>Theo &ocirc;ng Nguyễn Tiến Ph&aacute;p, cần nghi&ecirc;n cứu th&ecirc;m trường hợp TPL lập vi bằng nhưng Sở Tư ph&aacute;p từ chối đăng k&yacute;. Kh&aacute;ch h&agrave;ng khiếu nại, TPL khiếu nại, sau đ&oacute; Bộ Tư ph&aacute;p kiểm tra v&agrave; kết luận &ldquo;việc từ chối đăng k&yacute; kh&ocirc;ng đ&uacute;ng&rdquo; th&igrave; xử l&yacute; như thế n&agrave;o? Tr&aacute;ch nhiệm bồi thường thiệt hai (nếu c&oacute;). &Ocirc;ng Ph&aacute;p cũng cho rằng một số nước kh&aacute;c kh&ocirc;ng c&oacute; quy định TPL phải đăng k&yacute; th&igrave; vi bằng mới c&oacute; hiệu lực. Nếu trong thời gian th&iacute; điểm TPL x&eacute;t thấy cần thiết để kiểm so&aacute;t nghiệp vụ lập vi bằng th&igrave; tạm thời duy tr&igrave; quy định n&agrave;y nhưng hy vọng sau n&agrave;y, hết thời gian th&iacute; điểm th&igrave; n&ecirc;n bỏ hẳn.</p>\r\n\r\n<p>&nbsp;</p>\r\n\r\n<p><strong>Vi bằng &ldquo;vướng&rdquo; đăng k&yacute;</strong></p>\r\n\r\n<p>&Ocirc;ng Từ Dương Tuấn (Trưởng ph&ograve;ng Bổ trợ tư ph&aacute;p Sở Tư ph&aacute;p TP.HCM) cũng cho biết thực tế đang c&oacute; tranh luận về thẩm quyền &ldquo;chồng lấn&rdquo; của vi bằng do TPL lập với văn bản c&ocirc;ng chứng, chứng thực, chủ yếu trong năm trường hợp:</p>\r\n\r\n<p>1. Vi bằng ghi nhận việc lập văn bản &ldquo;thỏa thuận giao nhận tiền&rdquo;, k&yacute; t&ecirc;n, lăn tay v&agrave;o văn bản c&oacute; nội dung thỏa thuận li&ecirc;n quan đến việc mua b&aacute;n bất động sản.</p>\r\n\r\n<p>2. Vi bằng ghi nhận việc k&yacute; t&ecirc;n, điểm chỉ v&agrave;o văn bản thỏa thuận v&agrave; x&aacute;c nhận chuyển nhượng phần vốn g&oacute;p hoặc chuyển nhượng vốn g&oacute;p để cấn trừ nghĩa vụ trả nợ.</p>\r\n\r\n<p>3. Vi bằng ghi nhận việc lập văn bản c&oacute; nội dung chỉ định người thừa kế di sản.</p>\r\n\r\n<p>4. Vi bằng ghi nhận việc k&yacute; văn bản thỏa thuận chuyển giao quyền v&agrave; nghĩa vụ li&ecirc;n quan đến khoản vay ng&acirc;n h&agrave;ng v&agrave; quyền định đoạt bất động sản.</p>\r\n\r\n<p>5. Vi bằng ghi nhận việc k&yacute; t&ecirc;n, lăn tay v&agrave;o văn bản thỏa thuận cho vay tiền bằng h&igrave;nh thức giao nh&agrave; kh&ocirc;ng thu ph&iacute;.</p>\r\n\r\n<p><strong>Doanh thu chủ yếu ở TP.HCM</strong></p>\r\n\r\n<p>T&iacute;nh đến ng&agrave;y 31-8-2014, tại s&aacute;u tỉnh, th&agrave;nh ph&iacute;a Nam thực hiện th&iacute; điểm TPL (TP.HCM, An Giang, Vĩnh Long, Tiền Giang, B&igrave;nh Dương, Đồng Nai) đ&atilde; th&agrave;nh lập được 27 văn ph&ograve;ng TPL với 60 TPL đăng k&yacute; h&agrave;nh nghề. Kết quả, c&aacute;c văn ph&ograve;ng TPL n&agrave;y đ&atilde; tống đạt được 339.483 văn bản; lập vi bằng 21.739 việc; x&aacute;c minh điều kiện THA 428 việc; THA xong 92 việc. Tổng doanh thu đạt 54,8 tỉ đồng nhưng chủ yếu l&agrave; từ TP.HCM, c&ograve;n năm địa phương mới th&iacute; điểm TPL c&oacute; doanh thu kh&ocirc;ng đ&aacute;ng kể, chỉ đạt gần 730 triệu đồng.</p>\r\n\r\n<p>&nbsp;&Ocirc;ng<strong> TRẦN HO&Agrave;I PH&Uacute;</strong>, <em>Ph&oacute; Cục trưởng Cục C&ocirc;ng t&aacute;c<br />\r\nph&iacute;a Nam - Bộ Tư ph&aacute;p</em></p>\r\n\r\n<p>(Theo <strong>B&Igrave;NH MINH - Ph&aacute;p luật TP.HCM)</strong></p>\r\n', '66', '', '', '', '0', '0', '0', '0', '0', 'post', 'published', '2014-11-25 10:38:54', '2014-11-25 10:38:54');
INSERT INTO `posts` VALUES ('12', '1', '29', 'Vừa ăn cướp vừa la l&agrave;ng, Thừa ph&aacute;t lại v&agrave;o cuộc', 'Mấy ngày gần đây, một số trang tin điện tử đã đưa tin vụ việc ông Lê Anh Tuấn - nguyên Chủ tịch HĐQT Công ty CP Đầu tư và Kinh doanh tài sản Việt Nam (VNAssets) bị cổ đông “giam”. Ngay lập tức, phóng viên Năng lượng Mới đã có buổi làm việc với đại diện cổ', 'vua-an-cuop-vua-la-lang-thua-phat-lai-vao-cuoc', '<p>Sự việc bắt đầu từ ng&agrave;y 25/9/2014 tại phi&ecirc;n họp đại hội đồng cổ đ&ocirc;ng bất thường do Ban Kiểm so&aacute;t VNAssets đứng ra triệu tập. &Ocirc;ng L&ecirc; Anh Tuấn - khi đ&oacute; l&agrave; Chủ tịch Hội đồng Quản trị ki&ecirc;m Gi&aacute;m đốc VNAssets bị miễn nhiệm - quyết nghị n&agrave;y được đa số cổ đ&ocirc;ng th&ocirc;ng qua.</p>\r\n\r\n<p>Đại hội cũng ra nghị quyết để &ocirc;ng Lương Anh Cường - th&agrave;nh vi&ecirc;n HĐQT giữ chức Chủ tịch HĐQT. &Ocirc;ng Cường cũng c&oacute; nhiệm vụ t&igrave;m v&agrave; giới thiệu người để HĐQT xem x&eacute;t giữ chức gi&aacute;m đốc VNAssets.</p>\r\n\r\n<p>Ngay trong phi&ecirc;n họp đầu ti&ecirc;n của HĐQT sau đại hội bất thường, &ocirc;ng Cường đ&atilde; giới thiệu &ocirc;ng Vũ Đức Ho&agrave;ng l&agrave;m gi&aacute;m đốc VNAssets. Phương &aacute;n nh&acirc;n sự n&agrave;y đ&atilde; được to&agrave;n bộ HĐQT mới th&ocirc;ng qua. Tất cả những điều tr&ecirc;n đều đ&atilde; được đại hội đồng cổ đ&ocirc;ng th&ocirc;ng qua tu&acirc;n thủ nghi&ecirc;m ngặt c&aacute;c qui định của ph&aacute;p luật!</p>\r\n\r\n<p>Tuy quyết định của đại hội đồng cổ đ&ocirc;ng c&oacute; hiệu lực ngay tại thời điểm th&ocirc;ng qua, nhưng phải đợi đến 1 ng&agrave;y sau - tức ng&agrave;y 26/9/2014 tại trụ sở c&ocirc;ng ty tầng 2 kh&aacute;n đ&agrave;i B S&acirc;n vận động Quốc gia Mỹ Đ&igrave;nh (Nam Từ Li&ecirc;m, H&agrave; Nội) - VNAssets thu&ecirc; từ th&aacute;ng 7/2013, ban l&atilde;nh đạo mới của c&ocirc;ng ty mới triệu tập cuộc họp để th&ocirc;ng b&aacute;o với to&agrave;n c&aacute;n bộ nh&acirc;n vi&ecirc;n c&aacute;c văn bản của đại hội đồng cổ đ&ocirc;ng v&agrave; HĐQT về những quyết định như miễn nhiệm &ocirc;ng L&ecirc; Anh Tuấn, bổ sung th&agrave;nh vi&ecirc;n HĐQT&hellip; K&egrave;m theo đ&oacute; l&agrave; y&ecirc;u cầu &ocirc;ng Tuấn b&agrave;n giao lại con dấu, t&agrave;i liệu, trang thiết bị t&agrave;i sản v&agrave; c&ocirc;ng việc đang thực hiện.</p>\r\n\r\n<p>Tuy nhi&ecirc;n, &ocirc;ng &ldquo;cựu&rdquo; gi&aacute;m đốc đ&atilde; ngay lập tức từ chối việc b&agrave;n giao con dấu, t&agrave;i liệu v&agrave; trang thiết bị. &Ocirc;ng n&agrave;y c&ograve;n y&ecirc;u cầu cung cấp bi&ecirc;n bản v&agrave; đặt c&acirc;u hỏi cho t&iacute;nh hợp ph&aacute;p của đại hội đồng cổ đ&ocirc;ng bất thường ng&agrave;y 25/9. Ngay sau đ&oacute; L&ecirc; Anh Tuấn mời tất cả mọi người - bao gồm cả HĐQT, ban kiểm so&aacute;t hợp ph&aacute;p của VNAssets&hellip; ra ngo&agrave;i. Cuộc họp kết th&uacute;c l&uacute;c 11 giờ trưa ng&agrave;y 26/9 khi &ocirc;ng Tuấn... bận việc v&agrave; đi về. Mọi người nực cười v&igrave; ai cũng thấy &ocirc;ng Tuấn, ngay giữa ĐHĐCĐ bất thường ng&agrave;y 25/9, c&ograve;n ph&aacute;t biểu&hellip; ầm ầm v&agrave; tranh luận đầy đủ với đại diện c&ocirc;ng ty cấp tr&ecirc;n v&agrave; c&aacute;c cổ đ&ocirc;ng.</p>\r\n\r\n<p>Ngay buổi chiều c&ugrave;ng ng&agrave;y, sau khi &ocirc;ng L&ecirc; Anh Tuấn kh&ocirc;ng chịu b&agrave;n giao lại con dấu v&agrave; tr&aacute;nh việc &ocirc;ng L&ecirc; Anh Tuấn d&ugrave;ng con dấu của c&ocirc;ng ty để l&agrave;m những việc phi ph&aacute;p, g&acirc;y bất lợi cho tập thể c&ocirc;ng ty, cực chẳng đ&atilde; Chủ tịch HĐQT VNAssets l&agrave; &ocirc;ng Lương Anh Cường đ&atilde; ra th&ocirc;ng b&aacute;o tạm ngưng hoạt động v&agrave; ni&ecirc;m phong địa điểm l&agrave;m việc tại tầng 2 - kh&aacute;n đ&agrave;i B, s&acirc;n vận động Mỹ Đ&igrave;nh của VNAssets. Đến đ&acirc;y th&igrave; một chuyện cứ như một vở h&agrave;i kịch đ&atilde; được &ocirc;ng L&ecirc; Anh Tuấn v&agrave; cộng sự dựng l&ecirc;n.</p>\r\n\r\n<p>Việc tạm ngừng mọi hoạt động kinh doanh của VNAssets bắt đầu l&uacute;c 17h, việc ni&ecirc;m phong được tiến h&agrave;nh l&uacute;c 17h15, tức l&agrave; sau khi tất cả nh&acirc;n vi&ecirc;n rời khỏi địa điểm l&agrave;m việc, mang to&agrave;n bộ t&agrave;i sản v&agrave; đồ d&ugrave;ng c&aacute; nh&acirc;n ra ngo&agrave;i, đồng thời giữ nguy&ecirc;n trạng con dấu, hồ sơ, t&agrave;i liệu của c&ocirc;ng ty. HĐQT cũng quyết định thu&ecirc; 2 bảo vệ của C&ocirc;ng ty dịch vụ Bảo vệ H&agrave; Nội nhằm bảo vệ tại trụ sở c&ocirc;ng ty, cũng như &aacute;p dụng c&aacute;c biện ph&aacute;p cần thiết nhằm ngăn cản sự vi phạm của c&aacute;c c&aacute; nh&acirc;n, tổ chức x&acirc;m phạm đến con dấu, t&agrave;i sản của VNAssets cho tới ng&agrave;y 29/9, thời điểm &ocirc;ng Tuấn sẽ phải tiến h&agrave;nh b&agrave;n giao lại con dấu.</p>\r\n\r\n<p>Những người c&oacute; li&ecirc;n quan c&ugrave;ng b&agrave; Nguyễn Thị Quy&ecirc;n - văn ph&ograve;ng Thừa ph&aacute;t lại Hai B&agrave; Trưng đ&atilde; g&otilde; cửa v&agrave; kiểm tra từng ph&ograve;ng sau đ&oacute; mới d&aacute;n ni&ecirc;m phong. Ri&ecirc;ng ph&ograve;ng của &ocirc;ng L&ecirc; Anh Tuấn - do chưa b&agrave;n giao ch&igrave;a kh&oacute;a n&ecirc;n tổ ni&ecirc;m phong tiến h&agrave;nh g&otilde; cửa 3 lần, gọi b&ecirc;n trong rồi mới tiến h&agrave;nh ni&ecirc;m phong. Tất cả việc n&agrave;y được ghi h&igrave;nh, chụp ảnh trong Vi bằng được lập 19h05 ng&agrave;y 26/9/2014, dưới sự chứng kiến của Thừa ph&aacute;t lại. Điều kỳ quặc nữa, đ&oacute; l&agrave; ph&ograve;ng l&agrave;m việc của nguy&ecirc;n Chủ tịch L&ecirc; Anh Tuấn chẳng c&oacute; bảng biển (??) g&igrave; cả.</p>\r\n\r\n<p>Ngay cả Thừa ph&aacute;t lại - b&agrave; Nguyễn Thị Quy&ecirc;n cũng bất ngờ với kiểu l&agrave;m ăn c&oacute; phần b&iacute; hiểm của nguy&ecirc;n Chủ tịch VNAssets. C&aacute;c bước trong thủ tục ni&ecirc;m phong được tiến h&agrave;nh cẩn trọng v&agrave; trước sự chứng kiến của nhiều c&aacute;n bộ, nh&acirc;n vi&ecirc;n c&ocirc;ng ty. Tất cả đều được nghe Thừa ph&aacute;t lại dọc lại to&agrave;n bộ nội dung Vi bằng, c&ugrave;ng cam kết đ&atilde; hiểu v&agrave; nhất tr&iacute; với c&aacute;c nội dung, đồng thời tự chịu tr&aacute;ch nhiệm về sự việc tr&ecirc;n.</p>\r\n\r\n<p>Tuy nhi&ecirc;n, kh&ocirc;ng ai ngờ &ocirc;ng Tuấn lại trốn trong ph&ograve;ng l&agrave;m việc đợi tổ ni&ecirc;m phong đi khỏi th&igrave; mới&hellip; chui ra. Theo nh&acirc;n vi&ecirc;n bảo vệ Trần Ngọc Anh, người ở lại tr&ocirc;ng coi t&agrave;i sản của VNAssets, sau khi c&aacute;n bộ c&ocirc;ng ty về (khoảng 20h-20h30) &ocirc;ng Tuấn c&oacute; mở cửa ra khỏi ph&ograve;ng một l&uacute;c. Sau khi b&agrave;n bạc với một số người đang chờ sẵn ở ngo&agrave;i, xong &ocirc;ng Tuấn lại&hellip; chui v&agrave;o. Đến khoảng 21h, L&ecirc; Anh Tuấn ch&iacute;nh thức được &ldquo;giải tho&aacute;t&rdquo; bởi vợ v&agrave; mẹ c&ugrave;ng rất nhiều &ldquo;bạn b&egrave;&rdquo; trong một m&agrave;n kịch vụng về. Ngay ng&agrave;y h&ocirc;m sau, tr&ecirc;n một số trang mạng xuất hiện một loạt c&aacute;c &ldquo;t&iacute;t&rdquo; giật g&acirc;n như: giải cứu chủ tịch HĐQT bị cổ đ&ocirc;ng giam&hellip; rồi th&igrave; cảnh L&ecirc; Anh Tuấn &ocirc;m chầm lấy vợ v&agrave; một người phụ nữ đứng tuổi đứng ngo&agrave;i cửa.</p>\r\n\r\n<p>Điều đ&aacute;ng ch&uacute; &yacute;, sau thời điểm ng&agrave;y 25/9, khi ĐHĐCĐ quyết định th&ocirc;ng qua việc miễn nhiệm th&igrave; cũng l&agrave; l&uacute;c &ocirc;ng L&ecirc; Anh Tuấn kh&ocirc;ng c&ograve;n bất cứ quyền h&agrave;nh g&igrave; trong việc điều h&agrave;nh c&ocirc;ng ty. C&oacute; thể căn cứ v&agrave;o Luật Doanh nghiệp hiện h&agrave;nh để khẳng định điều n&agrave;y: ĐHĐCĐ quyết định th&igrave; ngay lập tức c&oacute; hiệu lực, c&ograve;n nếu c&oacute; kiện c&aacute;o, tranh chấp th&igrave; hiệu lực đ&oacute; vẫn được thi h&agrave;nh cho tới khi t&ograve;a &aacute;n c&oacute; ph&aacute;n quyết kh&aacute;c. Vậy c&oacute; thể khẳng định, L&ecirc; Anh Tuấn sau thời điểm ng&agrave;y 25/9 kh&ocirc;ng c&oacute; tư c&aacute;ch ph&aacute;p nh&acirc;n g&igrave; để tiếp tục giữ lại con dấu, t&agrave;i sản, trang thiết bị c&ugrave;ng t&agrave;i liệu của VNAssets. Hiện nay, quyền admin website ch&iacute;nh thức của c&ocirc;ng ty n&agrave;y vẫn bị &ldquo;người&rdquo; của &ocirc;ng L&ecirc; Anh Tuấn kiểm so&aacute;t v&agrave; đăng tải nhiều th&ocirc;ng tin sai tr&aacute;i, g&acirc;y t&acirc;m l&yacute; hoang mang trong cổ đ&ocirc;ng.</p>\r\n\r\n<p>Tuy nhi&ecirc;n, đ&acirc;y kh&ocirc;ng phải l&agrave; trường hợp c&aacute; biệt bởi những &ldquo;Ch&iacute; Ph&egrave;o&rdquo; thời hiện đại n&agrave;y. Nhiều vụ chiếm giữ con dấu tr&aacute;i ph&eacute;p khi bị mất chức đ&atilde; được b&aacute;o ch&iacute; đưa tin như ở C&ocirc;ng ty CP Hữu Nghị (H&agrave; Nội), C&ocirc;ng ty CP X&acirc;y dựng giao th&ocirc;ng I (H&agrave; Nội), C&ocirc;ng ty 142 (Đồng Nai)&hellip; thậm ch&iacute; c&ograve;n xảy ra tại một hiệp hội doanh nghiệp khi &ocirc;ng Ph&oacute; chủ tịch cũng &ldquo;&ocirc;m&rdquo; dấu về nh&agrave; để &ldquo;cất&rdquo;.</p>\r\n\r\n<p>Đ&atilde; c&oacute; những vụ con dấu của doanh nghiệp bị chiếm giữ, người c&oacute; li&ecirc;n quan tố c&aacute;o tới c&ocirc;ng an, c&ocirc;ng an đề nghị Viện Kiểm s&aacute;t khởi tố vụ &aacute;n, khởi tố bị can. Song, Viện Kiểm s&aacute;t đ&atilde; kh&ocirc;ng chấp nhận v&igrave; Bộ luật H&igrave;nh sự chỉ quy định h&agrave;nh vi &quot;chiếm đoạt con dấu, t&agrave;i liệu của cơ quan nh&agrave; nước, tổ chức x&atilde; hội&quot; chứ kh&ocirc;ng quy định h&agrave;nh vi &quot;chiếm đoạt con dấu, t&agrave;i liệu của doanh nghiệp&quot;. Sau đ&oacute;, vụ việc được khởi kiện ra t&ograve;a &aacute;n. Song, t&ograve;a &aacute;n đ&atilde; trả lại đơn với l&yacute; do &quot;kh&ocirc;ng thuộc thẩm quyền giải quyết&quot;.</p>\r\n\r\n<p><strong>Nguồn:&nbsp;</strong>petrotimes</p>\r\n', '68', '', '', '', '0', '0', '0', '2', '0', 'post', 'published', '2014-11-25 11:03:10', '2014-11-25 14:11:42');
INSERT INTO `posts` VALUES ('13', '1', '31', 'Vi bằng, phạm vi lập Vi bằng v&agrave; đăng k&yacute; Vi bằng', 'Không chỉ có người dân, nhiều cán bộ, công chứng cũng chưa rõ thừa phát lại (TPL) là ai, vi bằng là gì.', 'vi-bang-pham-vi-lap-vi-bang-va-dang-ky-vi-bang', '<p>Mở đầu cuộc trao đổi với PV b&aacute;o&nbsp;<em>Ph&aacute;p Luật TP.HCM,</em>&nbsp;&ocirc;ng Trần Văn Bảy, Trưởng ph&ograve;ng Bổ trợ tư ph&aacute;p, Sở Tư ph&aacute;p TP.HCM, giải th&iacute;ch:</p>\r\n\r\n<p>TPL l&agrave; người được nh&agrave; nước bổ nhiệm để l&agrave;m c&aacute;c c&ocirc;ng việc về thi h&agrave;nh &aacute;n d&acirc;n sự, tống đạt giấy tờ, lập vi bằng v&agrave; c&aacute;c c&ocirc;ng việc kh&aacute;c theo quy định của ph&aacute;p luật.</p>\r\n\r\n<p>Vi bằng l&agrave; văn bản do TPL lập, ghi nhận kh&aacute;ch quan, trung thực những sự kiện, h&agrave;nh vi m&agrave; TPL trực tiếp chứng kiến. Vi bằng c&oacute; gi&aacute; trị chứng cứ để t&ograve;a &aacute;n xem x&eacute;t khi giải quyết vụ &aacute;n v&agrave; l&agrave; căn cứ để thực hiện c&aacute;c giao dịch hợp ph&aacute;p kh&aacute;c theo quy định của ph&aacute;p luật về những hoạt động của văn ph&ograve;ng TPL.</p>\r\n\r\n<p><strong>Chỉ mới th&iacute; điểm ở TP.HCM</strong></p>\r\n\r\n<p><em>. Một người d&acirc;n cho biết anh của c&ocirc; đang thụ &aacute;n t&ugrave; tại một trại giam ở Gia Lai đang c&oacute; nhu cầu lập vi bằng. TPL c&oacute; thể đến tận trại giam để lập vi bằng kh&ocirc;ng?</em></p>\r\n\r\n<p>&nbsp;</p>\r\n\r\n<p>+ Do chỉ được triển khai th&iacute; điểm tr&ecirc;n địa b&agrave;n TP.HCM n&ecirc;n TPL chỉ được lập c&aacute;c vi bằng để ghi nhận c&aacute;c sự kiện, h&agrave;nh vi xảy ra tr&ecirc;n địa b&agrave;n TP.HCM.</p>\r\n\r\n<p><em>. Được biết tất cả vi bằng phải được đăng k&yacute; tại Sở Tư ph&aacute;p TP.HCM th&igrave; mới c&oacute; gi&aacute; trị ph&aacute;p l&yacute;. Nếu nhận thấy vi bằng lập kh&ocirc;ng đ&uacute;ng th&igrave; Sở sẽ hủy hay sao?</em></p>\r\n\r\n<p>+ Sau khi lập vi bằng, văn ph&ograve;ng TPL phải gửi một bản cho Sở Tư ph&aacute;p TP.HCM để đăng k&yacute; trong thời hạn ba ng&agrave;y l&agrave;m việc. Trong thời hạn kh&ocirc;ng qu&aacute; hai ng&agrave;y l&agrave;m việc kể từ ng&agrave;y nhận được vi bằng, Sở Tư ph&aacute;p TP.HCM phải v&agrave;o sổ đăng k&yacute; vi bằng TPL. Thủ tục n&agrave;y nhằm phục vụ cho c&ocirc;ng t&aacute;c quản l&yacute; TPL, đồng thời cũng nhằm đảm bảo t&iacute;nh x&aacute;c thực của vi bằng, ph&ograve;ng ngừa hiện tượng ngụy tạo vi bằng. Do vậy, nếu kh&ocirc;ng tiến h&agrave;nh việc đăng k&yacute; th&igrave; gi&aacute; trị ph&aacute;p l&yacute; của vi bằng kh&ocirc;ng được bảo đảm.</p>\r\n\r\n<p>&nbsp;</p>\r\n\r\n<p>&nbsp;</p>\r\n\r\n<p><em>Kh&aacute;ch h&agrave;ng đang nhờ Văn ph&ograve;ng thừa ph&aacute;t lại B&igrave;nh Thạnh x&aacute;c minh điều kiện thi h&agrave;nh &aacute;n. Ảnh: &Aacute;I PHƯƠNG</em></p>\r\n\r\n<p>Quy định hiện h&agrave;nh kh&ocirc;ng cho ph&eacute;p Sở Tư ph&aacute;p hủy vi bằng hay từ chối đăng k&yacute; vi bằng. Chỉ c&oacute; t&ograve;a &aacute;n mới c&oacute; thể ph&aacute;n quyết một vi bằng l&agrave; v&ocirc; hiệu, kh&ocirc;ng c&oacute; gi&aacute; trị chứng cứ. Ngo&agrave;i ra, đối với việc lập vi bằng, nếu c&oacute; tranh chấp th&igrave; c&aacute;c b&ecirc;n c&oacute; quyền khởi kiện y&ecirc;u cầu t&ograve;a &aacute;n giải quyết.</p>\r\n\r\n<p><em>. Trong việc mua b&aacute;n nh&agrave; đất bằng giấy tay, c&oacute; người n&oacute;i c&oacute; thể lập vi bằng về việc A giao tiền cho B, B giao nh&agrave; cho A. Nhưng c&oacute; người n&oacute;i việc mua b&aacute;n nh&agrave; giấy tay l&agrave; kh&ocirc;ng hợp ph&aacute;p n&ecirc;n kh&ocirc;ng thể lập vi bằng. C&aacute;ch hiểu n&agrave;o đ&uacute;ng?</em></p>\r\n\r\n<p>+ TPL kh&ocirc;ng được lập vi bằng trong c&aacute;c trường hợp: vi phạm quy định về bảo đảm an ninh, quốc ph&ograve;ng, đời tư, đạo đức x&atilde; hội v&agrave; c&aacute;c trường hợp ph&aacute;p luật cấm. Do vậy, TPL kh&ocirc;ng được ph&eacute;p lập vi bằng đối với trường hợp mua b&aacute;n nh&agrave; đất bằng giấy tay. Tuy nhi&ecirc;n, đối với việc c&aacute;c b&ecirc;n giao tiền, giao nh&agrave; cho nhau th&ocirc;ng qua giao dịch hợp ph&aacute;p th&igrave; TPL c&oacute; thể tiến h&agrave;nh việc lập vi bằng theo y&ecirc;u cầu của c&aacute;c b&ecirc;n (sau khi c&ocirc;ng chứng hợp đồng, b&ecirc;n mua nh&agrave; giao tiền cho b&ecirc;n b&aacute;n trước sự chứng kiến của TPL).</p>\r\n\r\n<p><em>. Qua t&igrave;m hiểu, ch&uacute;ng t&ocirc;i thấy c&aacute;c văn ph&ograve;ng đều thu 2 triệu đồng/vi bằng. Sự thống nhất n&agrave;y c&oacute; l&agrave;m giảm đi t&iacute;nh cạnh tranh giữa c&aacute;c văn ph&ograve;ng TPL v&agrave; người d&acirc;n sẽ chịu thiệt th&ograve;i?</em></p>\r\n\r\n<p>+ Theo quy định, người y&ecirc;u cầu lập vi bằng được quyền thỏa thuận với trưởng văn ph&ograve;ng TPL về chi ph&iacute; lập vi bằng. Nếu c&oacute; hiện tượng thống nhất về mức ph&iacute; tối thiểu như PV đ&atilde; n&ecirc;u th&igrave; ch&uacute;ng t&ocirc;i sẽ xem x&eacute;t lại để chấn chỉnh.</p>\r\n\r\n<p><strong>Mức ph&iacute; thi h&agrave;nh &aacute;n</strong></p>\r\n\r\n<p><em>. TPL c&ograve;n được thực hiện việc tống đạt theo y&ecirc;u cầu của t&ograve;a &aacute;n v&agrave; cơ quan thi h&agrave;nh &aacute;n, x&aacute;c minh điều kiện thi h&agrave;nh &aacute;n v&agrave; trực tiếp tổ chức thi h&agrave;nh &aacute;n. Nhưng tại thời điểm n&agrave;y, dường như TPL chỉ l&agrave;m mỗi việc lập vi bằng. V&igrave; sao, thưa &ocirc;ng?</em></p>\r\n\r\n<p>+ Đến giờ th&igrave; hoạt động TPL vẫn c&ograve;n qu&aacute; mới mẻ n&ecirc;n cần c&oacute; th&ecirc;m thời gian để người d&acirc;n quen dần với dịch vụ TPL. Bước đầu, c&aacute;c văn ph&ograve;ng TPL cũng đ&atilde; nhận được c&aacute;c y&ecirc;u cầu x&aacute;c minh điều kiện thi h&agrave;nh &aacute;n, trực tiếp thi h&agrave;nh bản &aacute;n, quyết định của t&ograve;a &aacute;n. C&aacute;c văn ph&ograve;ng TPL cũng đang x&uacute;c tiến việc k&yacute; hợp đồng tống đạt với c&aacute;c t&ograve;a &aacute;n v&agrave; cơ quan thi h&agrave;nh &aacute;n. Việc cần l&agrave;m của c&aacute;c văn ph&ograve;ng TPL trong giai đoạn đầu của việc th&iacute; điểm n&agrave;y l&agrave; chất lượng dịch vụ chứ kh&ocirc;ng phải l&agrave; chạy theo số lượng vụ việc.</p>\r\n\r\n<p><em>. Khi nhờ TPL, người d&acirc;n c&oacute; phải trả mức ph&iacute; thi h&agrave;nh &aacute;n cao hơn so với nhờ cơ quan thi h&agrave;nh &aacute;n hay kh&ocirc;ng?</em></p>\r\n\r\n<p><em>+&nbsp;</em>Kh&ocirc;ng.<em>&nbsp;</em>Đối với việc trực tiếp tổ chức thi h&agrave;nh &aacute;n, văn ph&ograve;ng TPL được thu chi ph&iacute; theo mức ph&iacute; thi h&agrave;nh &aacute;n d&acirc;n sự. Cụ thể: Mức ph&iacute; thi h&agrave;nh &aacute;n l&agrave; 3% tr&ecirc;n tổng số tiền hoặc gi&aacute; trị t&agrave;i sản thực nhận nhưng tối đa kh&ocirc;ng vượt qu&aacute; 200 triệu đồng một đơn y&ecirc;u cầu thi h&agrave;nh &aacute;n. Như vậy, văn ph&ograve;ng TPL chỉ được ph&eacute;p thu mức ph&iacute; thi h&agrave;nh &aacute;n d&acirc;n sự tương tự như mức thu của cơ quan thi h&agrave;nh &aacute;n d&acirc;n sự.</p>\r\n\r\n<p><em>. Vẫn c&ograve;n nhiều người d&acirc;n, thậm ch&iacute; c&aacute;n bộ cơ quan nh&agrave; nước c&ograve;n xa lạ với m&ocirc; h&igrave;nh TPL. L&agrave;m thế n&agrave;o để h&igrave;nh ảnh của TPL gần gũi hơn đối với mọi người d&acirc;n?</em></p>\r\n\r\n<p>+ Thời gian tới ch&uacute;ng t&ocirc;i sẽ tiếp tục đẩy mạnh việc tuy&ecirc;n truyền, phổ biến chế định TPL một c&aacute;ch s&acirc;u rộng v&agrave; thường xuy&ecirc;n hơn. Đ&acirc;y l&agrave; một chủ trương lớn của Đảng v&agrave; nh&agrave; nước ta n&ecirc;n c&aacute;c cơ quan, tổ chức phải c&oacute; tr&aacute;ch nhiệm qu&aacute;n triệt v&agrave; tuy&ecirc;n truyền rộng r&atilde;i bằng những việc l&agrave;m cụ thể, thiết thực. Chẳng hạn như ngay trong bản &aacute;n, quyết định về d&acirc;n sự của t&ograve;a &aacute;n n&ecirc;n ghi r&otilde; đương sự c&oacute; quyền nhờ cơ quan thi h&agrave;nh &aacute;n d&acirc;n sự hoặc văn ph&ograve;ng TPL thi h&agrave;nh. Ngo&agrave;i ra, bản th&acirc;n c&aacute;c văn ph&ograve;ng TPL cũng cần phải tự quảng b&aacute; h&igrave;nh ảnh của m&igrave;nh th&ocirc;ng qua chất lượng v&agrave; hiệu quả c&ocirc;ng việc.</p>\r\n\r\n<p><em>. Xin cảm ơn &ocirc;ng.</em></p>\r\n\r\n<p><strong>Vi bằng c&oacute; ba bản ch&iacute;nh</strong></p>\r\n\r\n<p>Một bản giao người y&ecirc;u cầu, một bản gửi Sở Tư ph&aacute;p TP.HCM để đăng k&yacute;, một bản lưu trữ tại văn ph&ograve;ng TPL. Trong thời hạn hai ng&agrave;y l&agrave;m việc kể từ ng&agrave;y nhận được vi bằng, Sở Tư ph&aacute;p TP.HCM phải v&agrave;o sổ đăng k&yacute; vi bằng TPL.</p>\r\n\r\n<p><em>(Theo khoản 4, 5 Điều 26 Nghị định 61 ng&agrave;y 24-7-2009 của Ch&iacute;nh phủ)</em></p>\r\n\r\n<p>&nbsp;</p>\r\n', '69', '', '', '', '0', '0', '0', '0', '0', 'post', 'published', '2014-11-25 16:48:33', '2014-11-25 16:48:33');

-- ----------------------------
-- Table structure for post_tag
-- ----------------------------
DROP TABLE IF EXISTS `post_tag`;
CREATE TABLE `post_tag` (
  `id` int(11) NOT NULL AUTO_INCREMENT,
  `post_id` int(11) NOT NULL,
  `tag_id` int(11) NOT NULL,
  `created_at` timestamp NOT NULL DEFAULT '0000-00-00 00:00:00',
  `updated_at` timestamp NOT NULL DEFAULT CURRENT_TIMESTAMP ON UPDATE CURRENT_TIMESTAMP,
  PRIMARY KEY (`id`),
  UNIQUE KEY `id` (`id`)
) ENGINE=MyISAM AUTO_INCREMENT=115 DEFAULT CHARSET=utf8;

-- ----------------------------
-- Records of post_tag
-- ----------------------------
INSERT INTO `post_tag` VALUES ('114', '3', '52', '2014-11-24 07:38:48', '2014-11-24 07:38:48');

-- ----------------------------
-- Table structure for tags
-- ----------------------------
DROP TABLE IF EXISTS `tags`;
CREATE TABLE `tags` (
  `id` int(11) NOT NULL AUTO_INCREMENT,
  `name` varchar(255) NOT NULL,
  `slug` varchar(255) NOT NULL,
  `type` varchar(20) NOT NULL DEFAULT 'tag',
  `status` varchar(5) NOT NULL DEFAULT 'on',
  `news_count` int(11) NOT NULL DEFAULT '0',
  `user_id` int(11) NOT NULL,
  `created_at` timestamp NOT NULL DEFAULT '0000-00-00 00:00:00',
  `updated_at` timestamp NOT NULL DEFAULT CURRENT_TIMESTAMP ON UPDATE CURRENT_TIMESTAMP,
  PRIMARY KEY (`id`)
) ENGINE=MyISAM AUTO_INCREMENT=53 DEFAULT CHARSET=utf8;

-- ----------------------------
-- Records of tags
-- ----------------------------
INSERT INTO `tags` VALUES ('52', 'gioi thieu', 'gioi-thieu', 'tag', 'on', '0', '1', '2014-11-24 02:31:29', '2014-11-24 02:31:29');

-- ----------------------------
-- Table structure for throttle
-- ----------------------------
DROP TABLE IF EXISTS `throttle`;
CREATE TABLE `throttle` (
  `id` int(10) unsigned NOT NULL AUTO_INCREMENT,
  `user_id` int(10) unsigned NOT NULL,
  `ip_address` varchar(255) COLLATE utf8_unicode_ci DEFAULT NULL,
  `attempts` int(11) NOT NULL DEFAULT '0',
  `suspended` tinyint(1) NOT NULL DEFAULT '0',
  `banned` tinyint(1) NOT NULL DEFAULT '0',
  `last_attempt_at` timestamp NULL DEFAULT NULL,
  `suspended_at` timestamp NULL DEFAULT NULL,
  `banned_at` timestamp NULL DEFAULT NULL,
  PRIMARY KEY (`id`)
) ENGINE=InnoDB AUTO_INCREMENT=3 DEFAULT CHARSET=utf8 COLLATE=utf8_unicode_ci;

-- ----------------------------
-- Records of throttle
-- ----------------------------
INSERT INTO `throttle` VALUES ('1', '1', '127.0.0.1', '0', '0', '0', null, null, null);
INSERT INTO `throttle` VALUES ('2', '2', '127.0.0.1', '1', '0', '0', '2014-09-10 01:49:07', null, null);

-- ----------------------------
-- Table structure for users
-- ----------------------------
DROP TABLE IF EXISTS `users`;
CREATE TABLE `users` (
  `id` int(10) unsigned NOT NULL AUTO_INCREMENT,
  `email` varchar(255) COLLATE utf8_unicode_ci NOT NULL,
  `password` varchar(255) COLLATE utf8_unicode_ci NOT NULL,
  `permissions` text COLLATE utf8_unicode_ci,
  `activated` tinyint(1) NOT NULL DEFAULT '0',
  `activation_code` varchar(255) COLLATE utf8_unicode_ci DEFAULT NULL,
  `activated_at` timestamp NULL DEFAULT NULL,
  `last_login` timestamp NULL DEFAULT NULL,
  `persist_code` varchar(255) COLLATE utf8_unicode_ci DEFAULT NULL,
  `reset_password_code` varchar(255) COLLATE utf8_unicode_ci DEFAULT NULL,
  `first_name` varchar(255) COLLATE utf8_unicode_ci DEFAULT NULL,
  `last_name` varchar(255) COLLATE utf8_unicode_ci DEFAULT NULL,
  `created_at` timestamp NOT NULL DEFAULT '0000-00-00 00:00:00',
  `updated_at` timestamp NOT NULL DEFAULT '0000-00-00 00:00:00',
  `deleted_at` timestamp NULL DEFAULT NULL,
  `website` varchar(255) COLLATE utf8_unicode_ci DEFAULT NULL,
  `country` varchar(255) COLLATE utf8_unicode_ci DEFAULT NULL,
  `gravatar` varchar(255) COLLATE utf8_unicode_ci DEFAULT NULL,
  PRIMARY KEY (`id`),
  UNIQUE KEY `users_email_unique` (`email`)
) ENGINE=InnoDB AUTO_INCREMENT=3 DEFAULT CHARSET=utf8 COLLATE=utf8_unicode_ci;

-- ----------------------------
-- Records of users
-- ----------------------------
INSERT INTO `users` VALUES ('1', 'dungdn@dungdn.com', '$2y$10$myAPEphBXklCBRF35eQt/uI12Ytxf89ONZtoDGPaMI3dIlRQsN/NS', '{\"admin\":1,\"user\":1}', '1', null, null, '2014-11-25 16:46:29', '$2y$10$jvM5KUQ6z2nHSdViQLC2bea4pYkaPjOjSfafKkrmPRVOglLQayJiu', null, 'Dung', 'Dinh', '2014-09-07 03:22:32', '2014-11-25 16:46:29', null, null, null, null);
INSERT INTO `users` VALUES ('2', 'john.doe@example.com', '$2y$10$E71FwwkK6Lml5dh5dihbPeIAtDestXlNN0zE/d7PbaZj8z99FWnMm', null, '1', null, null, null, null, null, 'John', 'Doe', '2014-09-07 03:22:33', '2014-09-11 07:29:13', '2014-09-11 07:29:13', null, null, null);

-- ----------------------------
-- Table structure for users_groups
-- ----------------------------
DROP TABLE IF EXISTS `users_groups`;
CREATE TABLE `users_groups` (
  `user_id` int(10) unsigned NOT NULL,
  `group_id` int(10) unsigned NOT NULL,
  PRIMARY KEY (`user_id`,`group_id`)
) ENGINE=InnoDB DEFAULT CHARSET=utf8 COLLATE=utf8_unicode_ci;

-- ----------------------------
-- Records of users_groups
-- ----------------------------
INSERT INTO `users_groups` VALUES ('1', '1');
